/*
 Navicat Premium Data Transfer

 Source Server         : ruoyi_server
 Source Server Type    : Oracle
 Source Server Version : 110200
 Source Host           : 172.17.171.8:1521
 Source Schema         : ROOT

 Target Server Type    : Oracle
 Target Server Version : 110200
 File Encoding         : 65001

 Date: 20/01/2021 17:43:45
*/


-- ----------------------------
-- Table structure for GEN_TABLE
-- ----------------------------

CREATE TABLE "GEN_TABLE" (
  "TABLE_ID" NUMBER(20) NOT NULL ,
  "TABLE_NAME" VARCHAR2(200 BYTE) DEFAULT '' ,
  "TABLE_COMMENT" VARCHAR2(500 BYTE) DEFAULT '' ,
  "SUB_TABLE_NAME" VARCHAR2(64 BYTE) DEFAULT NULL ,
  "SUB_TABLE_FK_NAME" VARCHAR2(64 BYTE) DEFAULT NULL ,
  "CLASS_NAME" VARCHAR2(100 BYTE) DEFAULT '' ,
  "TPL_CATEGORY" VARCHAR2(200 BYTE) DEFAULT 'crud' ,
  "PACKAGE_NAME" VARCHAR2(100 BYTE) ,
  "MODULE_NAME" VARCHAR2(30 BYTE) ,
  "BUSINESS_NAME" VARCHAR2(30 BYTE) ,
  "FUNCTION_NAME" VARCHAR2(50 BYTE) ,
  "FUNCTION_AUTHOR" VARCHAR2(50 BYTE) ,
  "GEN_TYPE" CHAR(1 BYTE) DEFAULT '0' ,
  "GEN_PATH" VARCHAR2(200 BYTE) DEFAULT '/' ,
  "OPTIONS" VARCHAR2(1000 BYTE) ,
  "CREATE_BY" VARCHAR2(64 BYTE) DEFAULT '' ,
  "CREATE_TIME" DATE ,
  "UPDATE_BY" VARCHAR2(64 BYTE) DEFAULT '' ,
  "UPDATE_TIME" DATE ,
  "REMARK" VARCHAR2(500 BYTE) DEFAULT NULL
)

LOGGING
NOCOMPRESS
PCTFREE 10
INITRANS 1
STORAGE (
  INITIAL 65536
  NEXT 1048576
  MINEXTENTS 1
  MAXEXTENTS 2147483645
  BUFFER_POOL DEFAULT
)
PARALLEL 1
NOCACHE
DISABLE ROW MOVEMENT
;
COMMENT ON COLUMN "GEN_TABLE"."TABLE_ID" IS '编号';
COMMENT ON COLUMN "GEN_TABLE"."TABLE_NAME" IS '表名称';
COMMENT ON COLUMN "GEN_TABLE"."TABLE_COMMENT" IS '表描述';
COMMENT ON COLUMN "GEN_TABLE"."SUB_TABLE_NAME" IS '关联子表的表名';
COMMENT ON COLUMN "GEN_TABLE"."SUB_TABLE_FK_NAME" IS '子表关联的外键名';
COMMENT ON COLUMN "GEN_TABLE"."CLASS_NAME" IS '实体类名称';
COMMENT ON COLUMN "GEN_TABLE"."TPL_CATEGORY" IS '使用的模板（crud单表操作 tree树表操作 sub主子表操作）';
COMMENT ON COLUMN "GEN_TABLE"."PACKAGE_NAME" IS '生成包路径';
COMMENT ON COLUMN "GEN_TABLE"."MODULE_NAME" IS '生成模块名';
COMMENT ON COLUMN "GEN_TABLE"."BUSINESS_NAME" IS '生成业务名';
COMMENT ON COLUMN "GEN_TABLE"."FUNCTION_NAME" IS '生成功能名';
COMMENT ON COLUMN "GEN_TABLE"."FUNCTION_AUTHOR" IS '生成功能作者';
COMMENT ON COLUMN "GEN_TABLE"."GEN_TYPE" IS '生成代码方式（0zip压缩包 1自定义路径）';
COMMENT ON COLUMN "GEN_TABLE"."GEN_PATH" IS '生成路径（不填默认项目路径）';
COMMENT ON COLUMN "GEN_TABLE"."OPTIONS" IS '其它生成选项';
COMMENT ON COLUMN "GEN_TABLE"."CREATE_BY" IS '创建者';
COMMENT ON COLUMN "GEN_TABLE"."CREATE_TIME" IS '创建时间';
COMMENT ON COLUMN "GEN_TABLE"."UPDATE_BY" IS '更新者';
COMMENT ON COLUMN "GEN_TABLE"."UPDATE_TIME" IS '更新时间';
COMMENT ON COLUMN "GEN_TABLE"."REMARK" IS '备注';
COMMENT ON TABLE "GEN_TABLE" IS '代码生成业务表';

-- ----------------------------
-- Records of GEN_TABLE
-- ----------------------------
INSERT INTO "GEN_TABLE" VALUES ('100', 'sys_role_menu', '角色和菜单关联表', NULL, NULL, 'SysRoleMenu', 'crud', 'com.ruoyi.system', 'system', 'menu', '角色和菜单关联', 'ruoyi', '0', '/', NULL, 'admin', TO_DATE('2021-01-17 15:41:31', 'SYYYY-MM-DD HH24:MI:SS'), NULL, NULL, NULL);
INSERT INTO "GEN_TABLE" VALUES ('101', 'sys_site', '站点管理', NULL, NULL, 'SysSite', 'crud', 'com.ruoyi.system', 'system', 'site', '站点管理', 'ruoyi', '0', '/', '{"parentMenuId":"1","treeName":"","treeParentCode":"","parentMenuName":"系统管理","treeCode":""}', 'admin', TO_DATE('2021-01-17 16:42:09', 'SYYYY-MM-DD HH24:MI:SS'), NULL, TO_DATE('2021-01-17 17:00:19', 'SYYYY-MM-DD HH24:MI:SS'), NULL);

-- ----------------------------
-- Table structure for GEN_TABLE_COLUMN
-- ----------------------------

CREATE TABLE "GEN_TABLE_COLUMN" (
  "COLUMN_ID" NUMBER(20) NOT NULL ,
  "TABLE_ID" VARCHAR2(64 BYTE) ,
  "COLUMN_NAME" VARCHAR2(200 BYTE) ,
  "COLUMN_COMMENT" VARCHAR2(500 BYTE) ,
  "COLUMN_TYPE" VARCHAR2(100 BYTE) ,
  "JAVA_TYPE" VARCHAR2(500 BYTE) ,
  "JAVA_FIELD" VARCHAR2(200 BYTE) ,
  "IS_PK" CHAR(1 BYTE) ,
  "IS_INCREMENT" CHAR(1 BYTE) ,
  "IS_REQUIRED" CHAR(1 BYTE) ,
  "IS_INSERT" CHAR(1 BYTE) ,
  "IS_EDIT" CHAR(1 BYTE) ,
  "IS_LIST" CHAR(1 BYTE) ,
  "IS_QUERY" CHAR(1 BYTE) ,
  "QUERY_TYPE" VARCHAR2(200 BYTE) DEFAULT 'EQ' ,
  "HTML_TYPE" VARCHAR2(200 BYTE) ,
  "DICT_TYPE" VARCHAR2(200 BYTE) DEFAULT '' ,
  "SORT" NUMBER(4) ,
  "CREATE_BY" VARCHAR2(64 BYTE) DEFAULT '' ,
  "CREATE_TIME" DATE ,
  "UPDATE_BY" VARCHAR2(64 BYTE) DEFAULT '' ,
  "UPDATE_TIME" DATE
)

LOGGING
NOCOMPRESS
PCTFREE 10
INITRANS 1
STORAGE (
  INITIAL 65536
  NEXT 1048576
  MINEXTENTS 1
  MAXEXTENTS 2147483645
  BUFFER_POOL DEFAULT
)
PARALLEL 1
NOCACHE
DISABLE ROW MOVEMENT
;
COMMENT ON COLUMN "GEN_TABLE_COLUMN"."COLUMN_ID" IS '编号';
COMMENT ON COLUMN "GEN_TABLE_COLUMN"."TABLE_ID" IS '归属表编号';
COMMENT ON COLUMN "GEN_TABLE_COLUMN"."COLUMN_NAME" IS '列名称';
COMMENT ON COLUMN "GEN_TABLE_COLUMN"."COLUMN_COMMENT" IS '列描述';
COMMENT ON COLUMN "GEN_TABLE_COLUMN"."COLUMN_TYPE" IS '列类型';
COMMENT ON COLUMN "GEN_TABLE_COLUMN"."JAVA_TYPE" IS 'JAVA类型';
COMMENT ON COLUMN "GEN_TABLE_COLUMN"."JAVA_FIELD" IS 'JAVA字段名';
COMMENT ON COLUMN "GEN_TABLE_COLUMN"."IS_PK" IS '是否主键（1是）';
COMMENT ON COLUMN "GEN_TABLE_COLUMN"."IS_INCREMENT" IS '是否自增（1是）';
COMMENT ON COLUMN "GEN_TABLE_COLUMN"."IS_REQUIRED" IS '是否必填（1是）';
COMMENT ON COLUMN "GEN_TABLE_COLUMN"."IS_INSERT" IS '是否为插入字段（1是）';
COMMENT ON COLUMN "GEN_TABLE_COLUMN"."IS_EDIT" IS '是否编辑字段（1是）';
COMMENT ON COLUMN "GEN_TABLE_COLUMN"."IS_LIST" IS '是否列表字段（1是）';
COMMENT ON COLUMN "GEN_TABLE_COLUMN"."IS_QUERY" IS '是否查询字段（1是）';
COMMENT ON COLUMN "GEN_TABLE_COLUMN"."QUERY_TYPE" IS '查询方式（等于、不等于、大于、小于、范围）';
COMMENT ON COLUMN "GEN_TABLE_COLUMN"."HTML_TYPE" IS '显示类型（文本框、文本域、下拉框、复选框、单选框、日期控件）';
COMMENT ON COLUMN "GEN_TABLE_COLUMN"."DICT_TYPE" IS '字典类型';
COMMENT ON COLUMN "GEN_TABLE_COLUMN"."SORT" IS '排序';
COMMENT ON COLUMN "GEN_TABLE_COLUMN"."CREATE_BY" IS '创建者';
COMMENT ON COLUMN "GEN_TABLE_COLUMN"."CREATE_TIME" IS '创建时间';
COMMENT ON COLUMN "GEN_TABLE_COLUMN"."UPDATE_BY" IS '更新者';
COMMENT ON COLUMN "GEN_TABLE_COLUMN"."UPDATE_TIME" IS '更新时间';
COMMENT ON TABLE "GEN_TABLE_COLUMN" IS '代码生成业务表字段';

-- ----------------------------
-- Records of GEN_TABLE_COLUMN
-- ----------------------------
INSERT INTO "GEN_TABLE_COLUMN" VALUES ('100', '100', 'role_id', '角色ID', 'number', 'Long', 'roleId', '1', '1', NULL, '1', NULL, NULL, NULL, 'EQ', 'input', NULL, '1', 'admin', TO_DATE('2021-01-17 15:41:33', 'SYYYY-MM-DD HH24:MI:SS'), NULL, NULL);
INSERT INTO "GEN_TABLE_COLUMN" VALUES ('101', '100', 'menu_id', '菜单ID', 'number', 'Long', 'menuId', '1', '1', NULL, '1', NULL, NULL, NULL, 'EQ', 'input', NULL, '2', 'admin', TO_DATE('2021-01-17 15:41:33', 'SYYYY-MM-DD HH24:MI:SS'), NULL, NULL);
INSERT INTO "GEN_TABLE_COLUMN" VALUES ('102', '101', 'site_id', NULL, 'number', 'Long', 'siteId', '0', '0', '1', '1', '1', '1', '1', 'EQ', 'input', NULL, '1', 'admin', TO_DATE('2021-01-17 16:42:11', 'SYYYY-MM-DD HH24:MI:SS'), NULL, TO_DATE('2021-01-17 17:00:19', 'SYYYY-MM-DD HH24:MI:SS'));
INSERT INTO "GEN_TABLE_COLUMN" VALUES ('103', '101', 'site_name', NULL, 'varchar2', 'String', 'siteName', '0', '0', '1', '1', '1', '1', '1', 'LIKE', 'input', NULL, '2', 'admin', TO_DATE('2021-01-17 16:42:11', 'SYYYY-MM-DD HH24:MI:SS'), NULL, TO_DATE('2021-01-17 17:00:19', 'SYYYY-MM-DD HH24:MI:SS'));
INSERT INTO "GEN_TABLE_COLUMN" VALUES ('104', '101', 'site_desc', NULL, 'varchar2', 'String', 'siteDesc', '0', '0', NULL, '1', '1', '1', '1', 'EQ', 'input', NULL, '3', 'admin', TO_DATE('2021-01-17 16:42:11', 'SYYYY-MM-DD HH24:MI:SS'), NULL, TO_DATE('2021-01-17 17:00:19', 'SYYYY-MM-DD HH24:MI:SS'));
INSERT INTO "GEN_TABLE_COLUMN" VALUES ('105', '101', 'site_url', NULL, 'varchar2', 'String', 'siteUrl', '0', '0', '1', '1', '1', '1', '1', 'EQ', 'input', NULL, '4', 'admin', TO_DATE('2021-01-17 16:42:11', 'SYYYY-MM-DD HH24:MI:SS'), NULL, TO_DATE('2021-01-17 17:00:19', 'SYYYY-MM-DD HH24:MI:SS'));
INSERT INTO "GEN_TABLE_COLUMN" VALUES ('106', '101', 'site_img', NULL, 'varchar2', 'String', 'siteImg', '0', '0', '1', '1', '1', '1', '1', 'EQ', 'input', NULL, '5', 'admin', TO_DATE('2021-01-17 16:42:11', 'SYYYY-MM-DD HH24:MI:SS'), NULL, TO_DATE('2021-01-17 17:00:19', 'SYYYY-MM-DD HH24:MI:SS'));
INSERT INTO "GEN_TABLE_COLUMN" VALUES ('107', '101', 'site_sort', NULL, 'number', 'Long', 'siteSort', '0', '0', '1', '1', '1', '1', '1', 'EQ', 'input', NULL, '6', 'admin', TO_DATE('2021-01-17 16:42:11', 'SYYYY-MM-DD HH24:MI:SS'), NULL, TO_DATE('2021-01-17 17:00:19', 'SYYYY-MM-DD HH24:MI:SS'));
INSERT INTO "GEN_TABLE_COLUMN" VALUES ('108', '101', 'status', NULL, 'char', 'String', 'status', '0', '0', '1', '1', '1', '1', '1', 'EQ', 'radio', NULL, '7', 'admin', TO_DATE('2021-01-17 16:42:11', 'SYYYY-MM-DD HH24:MI:SS'), NULL, TO_DATE('2021-01-17 17:00:19', 'SYYYY-MM-DD HH24:MI:SS'));
INSERT INTO "GEN_TABLE_COLUMN" VALUES ('109', '101', 'site_type', NULL, 'varchar2', 'String', 'siteType', '0', '0', '1', '1', '1', '1', '1', 'EQ', 'select', NULL, '8', 'admin', TO_DATE('2021-01-17 16:42:11', 'SYYYY-MM-DD HH24:MI:SS'), NULL, TO_DATE('2021-01-17 17:00:19', 'SYYYY-MM-DD HH24:MI:SS'));
INSERT INTO "GEN_TABLE_COLUMN" VALUES ('110', '101', 'create_by', NULL, 'varchar2', 'String', 'createBy', '0', '0', NULL, '1', NULL, NULL, NULL, 'EQ', 'input', NULL, '9', 'admin', TO_DATE('2021-01-17 16:42:11', 'SYYYY-MM-DD HH24:MI:SS'), NULL, TO_DATE('2021-01-17 17:00:19', 'SYYYY-MM-DD HH24:MI:SS'));
INSERT INTO "GEN_TABLE_COLUMN" VALUES ('111', '101', 'create_time', NULL, 'date', 'Date', 'createTime', '0', '0', NULL, '1', NULL, NULL, NULL, 'EQ', 'datetime', NULL, '10', 'admin', TO_DATE('2021-01-17 16:42:11', 'SYYYY-MM-DD HH24:MI:SS'), NULL, TO_DATE('2021-01-17 17:00:19', 'SYYYY-MM-DD HH24:MI:SS'));
INSERT INTO "GEN_TABLE_COLUMN" VALUES ('112', '101', 'update_by', NULL, 'varchar2', 'String', 'updateBy', '0', '0', NULL, '1', '1', NULL, NULL, 'EQ', 'input', NULL, '11', 'admin', TO_DATE('2021-01-17 16:42:11', 'SYYYY-MM-DD HH24:MI:SS'), NULL, TO_DATE('2021-01-17 17:00:19', 'SYYYY-MM-DD HH24:MI:SS'));
INSERT INTO "GEN_TABLE_COLUMN" VALUES ('113', '101', 'update_time', NULL, 'date', 'Date', 'updateTime', '0', '0', NULL, '1', '1', NULL, NULL, 'EQ', 'datetime', NULL, '12', 'admin', TO_DATE('2021-01-17 16:42:11', 'SYYYY-MM-DD HH24:MI:SS'), NULL, TO_DATE('2021-01-17 17:00:19', 'SYYYY-MM-DD HH24:MI:SS'));

-- ----------------------------
-- Table structure for QRTZ_BLOB_TRIGGERS
-- ----------------------------

CREATE TABLE "QRTZ_BLOB_TRIGGERS" (
  "SCHED_NAME" VARCHAR2(120 BYTE) NOT NULL ,
  "TRIGGER_NAME" VARCHAR2(200 BYTE) NOT NULL ,
  "TRIGGER_GROUP" VARCHAR2(200 BYTE) NOT NULL ,
  "BLOB_DATA" BLOB
)

LOGGING
NOCOMPRESS
PCTFREE 10
INITRANS 1
STORAGE (
  BUFFER_POOL DEFAULT
)
PARALLEL 1
NOCACHE
DISABLE ROW MOVEMENT
;

-- ----------------------------
-- Table structure for QRTZ_CALENDARS
-- ----------------------------

CREATE TABLE "QRTZ_CALENDARS" (
  "SCHED_NAME" VARCHAR2(120 BYTE) NOT NULL ,
  "CALENDAR_NAME" VARCHAR2(200 BYTE) NOT NULL ,
  "CALENDAR" BLOB NOT NULL
)

LOGGING
NOCOMPRESS
PCTFREE 10
INITRANS 1
STORAGE (
  BUFFER_POOL DEFAULT
)
PARALLEL 1
NOCACHE
DISABLE ROW MOVEMENT
;

-- ----------------------------
-- Table structure for QRTZ_CRON_TRIGGERS
-- ----------------------------

CREATE TABLE "QRTZ_CRON_TRIGGERS" (
  "SCHED_NAME" VARCHAR2(120 BYTE) NOT NULL ,
  "TRIGGER_NAME" VARCHAR2(200 BYTE) NOT NULL ,
  "TRIGGER_GROUP" VARCHAR2(200 BYTE) NOT NULL ,
  "CRON_EXPRESSION" VARCHAR2(120 BYTE) NOT NULL ,
  "TIME_ZONE_ID" VARCHAR2(80 BYTE)
)

LOGGING
NOCOMPRESS
PCTFREE 10
INITRANS 1
STORAGE (
  INITIAL 65536
  NEXT 1048576
  MINEXTENTS 1
  MAXEXTENTS 2147483645
  BUFFER_POOL DEFAULT
)
PARALLEL 1
NOCACHE
DISABLE ROW MOVEMENT
;

-- ----------------------------
-- Records of QRTZ_CRON_TRIGGERS
-- ----------------------------
INSERT INTO "QRTZ_CRON_TRIGGERS" VALUES ('RuoyiScheduler', 'TASK_CLASS_NAME3', 'DEFAULT', '0/20 * * * * ?', 'Asia/Shanghai');
INSERT INTO "QRTZ_CRON_TRIGGERS" VALUES ('RuoyiScheduler', 'TASK_CLASS_NAME1', 'DEFAULT', '0/10 * * * * ?', 'Asia/Shanghai');
INSERT INTO "QRTZ_CRON_TRIGGERS" VALUES ('RuoyiScheduler', 'TASK_CLASS_NAME2', 'DEFAULT', '0/15 * * * * ?', 'Asia/Shanghai');

-- ----------------------------
-- Table structure for QRTZ_FIRED_TRIGGERS
-- ----------------------------

CREATE TABLE "QRTZ_FIRED_TRIGGERS" (
  "SCHED_NAME" VARCHAR2(120 BYTE) NOT NULL ,
  "ENTRY_ID" VARCHAR2(95 BYTE) NOT NULL ,
  "TRIGGER_NAME" VARCHAR2(200 BYTE) NOT NULL ,
  "TRIGGER_GROUP" VARCHAR2(200 BYTE) NOT NULL ,
  "INSTANCE_NAME" VARCHAR2(200 BYTE) NOT NULL ,
  "FIRED_TIME" NUMBER(13) NOT NULL ,
  "SCHED_TIME" NUMBER(13) NOT NULL ,
  "PRIORITY" NUMBER(13) NOT NULL ,
  "STATE" VARCHAR2(16 BYTE) NOT NULL ,
  "JOB_NAME" VARCHAR2(200 BYTE) ,
  "JOB_GROUP" VARCHAR2(200 BYTE) ,
  "IS_NONCONCURRENT" VARCHAR2(1 BYTE) ,
  "REQUESTS_RECOVERY" VARCHAR2(1 BYTE)
)

LOGGING
NOCOMPRESS
PCTFREE 10
INITRANS 1
STORAGE (
  BUFFER_POOL DEFAULT
)
PARALLEL 1
NOCACHE
DISABLE ROW MOVEMENT
;

-- ----------------------------
-- Table structure for QRTZ_JOB_DETAILS
-- ----------------------------

CREATE TABLE "QRTZ_JOB_DETAILS" (
  "SCHED_NAME" VARCHAR2(120 BYTE) NOT NULL ,
  "JOB_NAME" VARCHAR2(200 BYTE) NOT NULL ,
  "JOB_GROUP" VARCHAR2(200 BYTE) NOT NULL ,
  "DESCRIPTION" VARCHAR2(250 BYTE) ,
  "JOB_CLASS_NAME" VARCHAR2(250 BYTE) NOT NULL ,
  "IS_DURABLE" VARCHAR2(1 BYTE) NOT NULL ,
  "IS_NONCONCURRENT" VARCHAR2(1 BYTE) NOT NULL ,
  "IS_UPDATE_DATA" VARCHAR2(1 BYTE) NOT NULL ,
  "REQUESTS_RECOVERY" VARCHAR2(1 BYTE) NOT NULL ,
  "JOB_DATA" BLOB
)

LOGGING
NOCOMPRESS
PCTFREE 10
INITRANS 1
STORAGE (
  INITIAL 65536
  NEXT 1048576
  MINEXTENTS 1
  MAXEXTENTS 2147483645
  BUFFER_POOL DEFAULT
)
PARALLEL 1
NOCACHE
DISABLE ROW MOVEMENT
;

-- ----------------------------
-- Records of QRTZ_JOB_DETAILS
-- ----------------------------
INSERT INTO "QRTZ_JOB_DETAILS" VALUES ('RuoyiScheduler', 'TASK_CLASS_NAME3', 'DEFAULT', NULL, 'com.ruoyi.quartz.util.QuartzDisallowConcurrentExecution', '0', '1', '0', '0', HEXTORAW('ACED0005737200156F72672E71756172747A2E4A6F62446174614D61709FB083E8BFA9B0CB020000787200266F72672E71756172747A2E7574696C732E537472696E674B65794469727479466C61674D61708208E8C3FBC55D280200015A0013616C6C6F77735472616E7369656E74446174617872001D6F72672E71756172747A2E7574696C732E4469727479466C61674D617013E62EAD28760ACE0200025A000564697274794C00036D617074000F4C6A6176612F7574696C2F4D61703B787001737200116A6176612E7574696C2E486173684D61700507DAC1C31660D103000246000A6C6F6164466163746F724900097468726573686F6C6478703F4000000000000C7708000000100000000174000F5441534B5F50524F504552544945537372001E636F6D2E72756F79692E71756172747A2E646F6D61696E2E5379734A6F6200000000000000010200084C000A636F6E63757272656E747400124C6A6176612F6C616E672F537472696E673B4C000E63726F6E45787072657373696F6E71007E00094C000C696E766F6B6554617267657471007E00094C00086A6F6247726F757071007E00094C00056A6F6249647400104C6A6176612F6C616E672F4C6F6E673B4C00076A6F624E616D6571007E00094C000D6D697366697265506F6C69637971007E00094C000673746174757371007E000978720027636F6D2E72756F79692E636F6D6D6F6E2E636F72652E646F6D61696E2E42617365456E7469747900000000000000010200074C0008637265617465427971007E00094C000A63726561746554696D657400104C6A6176612F7574696C2F446174653B4C0006706172616D7371007E00034C000672656D61726B71007E00094C000B73656172636856616C756571007E00094C0008757064617465427971007E00094C000A75706461746554696D6571007E000C787074000561646D696E7372000E6A6176612E7574696C2E44617465686A81014B59741903000078707708000001770E6ECF187870707070707400013174000E302F3230202A202A202A202A203F74003872795461736B2E72794D756C7469706C65506172616D7328277279272C20747275652C20323030304C2C203331362E3530442C203130302974000744454641554C547372000E6A6176612E6C616E672E4C6F6E673B8BE490CC8F23DF0200014A000576616C7565787200106A6176612E6C616E672E4E756D62657286AC951D0B94E08B02000078700000000000000003740018E7B3BBE7BB9FE9BB98E8AEA4EFBC88E5A49AE58F82EFBC8974000133740001317800'));
INSERT INTO "QRTZ_JOB_DETAILS" VALUES ('RuoyiScheduler', 'TASK_CLASS_NAME1', 'DEFAULT', NULL, 'com.ruoyi.quartz.util.QuartzDisallowConcurrentExecution', '0', '1', '0', '0', HEXTORAW('ACED0005737200156F72672E71756172747A2E4A6F62446174614D61709FB083E8BFA9B0CB020000787200266F72672E71756172747A2E7574696C732E537472696E674B65794469727479466C61674D61708208E8C3FBC55D280200015A0013616C6C6F77735472616E7369656E74446174617872001D6F72672E71756172747A2E7574696C732E4469727479466C61674D617013E62EAD28760ACE0200025A000564697274794C00036D617074000F4C6A6176612F7574696C2F4D61703B787001737200116A6176612E7574696C2E486173684D61700507DAC1C31660D103000246000A6C6F6164466163746F724900097468726573686F6C6478703F4000000000000C7708000000100000000174000F5441534B5F50524F504552544945537372001E636F6D2E72756F79692E71756172747A2E646F6D61696E2E5379734A6F6200000000000000010200084C000A636F6E63757272656E747400124C6A6176612F6C616E672F537472696E673B4C000E63726F6E45787072657373696F6E71007E00094C000C696E766F6B6554617267657471007E00094C00086A6F6247726F757071007E00094C00056A6F6249647400104C6A6176612F6C616E672F4C6F6E673B4C00076A6F624E616D6571007E00094C000D6D697366697265506F6C69637971007E00094C000673746174757371007E000978720027636F6D2E72756F79692E636F6D6D6F6E2E636F72652E646F6D61696E2E42617365456E7469747900000000000000010200074C0008637265617465427971007E00094C000A63726561746554696D657400104C6A6176612F7574696C2F446174653B4C0006706172616D7371007E00034C000672656D61726B71007E00094C000B73656172636856616C756571007E00094C0008757064617465427971007E00094C000A75706461746554696D6571007E000C787074000561646D696E7372000E6A6176612E7574696C2E44617465686A81014B59741903000078707708000001770E6ECF187870707070707400013174000E302F3130202A202A202A202A203F74001172795461736B2E72794E6F506172616D7374000744454641554C547372000E6A6176612E6C616E672E4C6F6E673B8BE490CC8F23DF0200014A000576616C7565787200106A6176612E6C616E672E4E756D62657286AC951D0B94E08B02000078700000000000000001740018E7B3BBE7BB9FE9BB98E8AEA4EFBC88E697A0E58F82EFBC8974000133740001317800'));
INSERT INTO "QRTZ_JOB_DETAILS" VALUES ('RuoyiScheduler', 'TASK_CLASS_NAME2', 'DEFAULT', NULL, 'com.ruoyi.quartz.util.QuartzDisallowConcurrentExecution', '0', '1', '0', '0', HEXTORAW('ACED0005737200156F72672E71756172747A2E4A6F62446174614D61709FB083E8BFA9B0CB020000787200266F72672E71756172747A2E7574696C732E537472696E674B65794469727479466C61674D61708208E8C3FBC55D280200015A0013616C6C6F77735472616E7369656E74446174617872001D6F72672E71756172747A2E7574696C732E4469727479466C61674D617013E62EAD28760ACE0200025A000564697274794C00036D617074000F4C6A6176612F7574696C2F4D61703B787001737200116A6176612E7574696C2E486173684D61700507DAC1C31660D103000246000A6C6F6164466163746F724900097468726573686F6C6478703F4000000000000C7708000000100000000174000F5441534B5F50524F504552544945537372001E636F6D2E72756F79692E71756172747A2E646F6D61696E2E5379734A6F6200000000000000010200084C000A636F6E63757272656E747400124C6A6176612F6C616E672F537472696E673B4C000E63726F6E45787072657373696F6E71007E00094C000C696E766F6B6554617267657471007E00094C00086A6F6247726F757071007E00094C00056A6F6249647400104C6A6176612F6C616E672F4C6F6E673B4C00076A6F624E616D6571007E00094C000D6D697366697265506F6C69637971007E00094C000673746174757371007E000978720027636F6D2E72756F79692E636F6D6D6F6E2E636F72652E646F6D61696E2E42617365456E7469747900000000000000010200074C0008637265617465427971007E00094C000A63726561746554696D657400104C6A6176612F7574696C2F446174653B4C0006706172616D7371007E00034C000672656D61726B71007E00094C000B73656172636856616C756571007E00094C0008757064617465427971007E00094C000A75706461746554696D6571007E000C787074000561646D696E7372000E6A6176612E7574696C2E44617465686A81014B59741903000078707708000001770E6ECF187870707070707400013174000E302F3135202A202A202A202A203F74001572795461736B2E7279506172616D7328277279272974000744454641554C547372000E6A6176612E6C616E672E4C6F6E673B8BE490CC8F23DF0200014A000576616C7565787200106A6176612E6C616E672E4E756D62657286AC951D0B94E08B02000078700000000000000002740018E7B3BBE7BB9FE9BB98E8AEA4EFBC88E69C89E58F82EFBC8974000133740001317800'));

-- ----------------------------
-- Table structure for QRTZ_LOCKS
-- ----------------------------

CREATE TABLE "QRTZ_LOCKS" (
  "SCHED_NAME" VARCHAR2(120 BYTE) NOT NULL ,
  "LOCK_NAME" VARCHAR2(40 BYTE) NOT NULL
)

LOGGING
NOCOMPRESS
PCTFREE 10
INITRANS 1
STORAGE (
  INITIAL 65536
  NEXT 1048576
  MINEXTENTS 1
  MAXEXTENTS 2147483645
  BUFFER_POOL DEFAULT
)
PARALLEL 1
NOCACHE
DISABLE ROW MOVEMENT
;

-- ----------------------------
-- Records of QRTZ_LOCKS
-- ----------------------------
INSERT INTO "QRTZ_LOCKS" VALUES ('RuoyiScheduler', 'STATE_ACCESS');
INSERT INTO "QRTZ_LOCKS" VALUES ('RuoyiScheduler', 'TRIGGER_ACCESS');

-- ----------------------------
-- Table structure for QRTZ_PAUSED_TRIGGER_GRPS
-- ----------------------------

CREATE TABLE "QRTZ_PAUSED_TRIGGER_GRPS" (
  "SCHED_NAME" VARCHAR2(120 BYTE) NOT NULL ,
  "TRIGGER_GROUP" VARCHAR2(200 BYTE) NOT NULL
)

LOGGING
NOCOMPRESS
PCTFREE 10
INITRANS 1
STORAGE (
  BUFFER_POOL DEFAULT
)
PARALLEL 1
NOCACHE
DISABLE ROW MOVEMENT
;

-- ----------------------------
-- Table structure for QRTZ_SCHEDULER_STATE
-- ----------------------------

CREATE TABLE "QRTZ_SCHEDULER_STATE" (
  "SCHED_NAME" VARCHAR2(120 BYTE) NOT NULL ,
  "INSTANCE_NAME" VARCHAR2(200 BYTE) NOT NULL ,
  "LAST_CHECKIN_TIME" NUMBER(13) NOT NULL ,
  "CHECKIN_INTERVAL" NUMBER(13) NOT NULL
)

LOGGING
NOCOMPRESS
PCTFREE 10
INITRANS 1
STORAGE (
  INITIAL 65536
  NEXT 1048576
  MINEXTENTS 1
  MAXEXTENTS 2147483645
  BUFFER_POOL DEFAULT
)
PARALLEL 1
NOCACHE
DISABLE ROW MOVEMENT
;

-- ----------------------------
-- Records of QRTZ_SCHEDULER_STATE
-- ----------------------------
INSERT INTO "QRTZ_SCHEDULER_STATE" VALUES ('RuoyiScheduler', 'WIN-AIDKMOKS55B1611134628980', '1611135906669', '15000');

-- ----------------------------
-- Table structure for QRTZ_SIMPLE_TRIGGERS
-- ----------------------------

CREATE TABLE "QRTZ_SIMPLE_TRIGGERS" (
  "SCHED_NAME" VARCHAR2(120 BYTE) NOT NULL ,
  "TRIGGER_NAME" VARCHAR2(200 BYTE) NOT NULL ,
  "TRIGGER_GROUP" VARCHAR2(200 BYTE) NOT NULL ,
  "REPEAT_COUNT" NUMBER(7) NOT NULL ,
  "REPEAT_INTERVAL" NUMBER(12) NOT NULL ,
  "TIMES_TRIGGERED" NUMBER(10) NOT NULL
)

LOGGING
NOCOMPRESS
PCTFREE 10
INITRANS 1
STORAGE (
  BUFFER_POOL DEFAULT
)
PARALLEL 1
NOCACHE
DISABLE ROW MOVEMENT
;

-- ----------------------------
-- Table structure for QRTZ_SIMPROP_TRIGGERS
-- ----------------------------

CREATE TABLE "QRTZ_SIMPROP_TRIGGERS" (
  "SCHED_NAME" VARCHAR2(120 BYTE) NOT NULL ,
  "TRIGGER_NAME" VARCHAR2(200 BYTE) NOT NULL ,
  "TRIGGER_GROUP" VARCHAR2(200 BYTE) NOT NULL ,
  "STR_PROP_1" VARCHAR2(512 BYTE) ,
  "STR_PROP_2" VARCHAR2(512 BYTE) ,
  "STR_PROP_3" VARCHAR2(512 BYTE) ,
  "INT_PROP_1" NUMBER(10) ,
  "INT_PROP_2" NUMBER(10) ,
  "LONG_PROP_1" NUMBER(13) ,
  "LONG_PROP_2" NUMBER(13) ,
  "DEC_PROP_1" NUMBER(13,4) ,
  "DEC_PROP_2" NUMBER(13,4) ,
  "BOOL_PROP_1" VARCHAR2(1 BYTE) ,
  "BOOL_PROP_2" VARCHAR2(1 BYTE)
)

LOGGING
NOCOMPRESS
PCTFREE 10
INITRANS 1
STORAGE (
  BUFFER_POOL DEFAULT
)
PARALLEL 1
NOCACHE
DISABLE ROW MOVEMENT
;

-- ----------------------------
-- Table structure for QRTZ_TRIGGERS
-- ----------------------------

CREATE TABLE "QRTZ_TRIGGERS" (
  "SCHED_NAME" VARCHAR2(120 BYTE) NOT NULL ,
  "TRIGGER_NAME" VARCHAR2(200 BYTE) NOT NULL ,
  "TRIGGER_GROUP" VARCHAR2(200 BYTE) NOT NULL ,
  "JOB_NAME" VARCHAR2(200 BYTE) NOT NULL ,
  "JOB_GROUP" VARCHAR2(200 BYTE) NOT NULL ,
  "DESCRIPTION" VARCHAR2(250 BYTE) ,
  "NEXT_FIRE_TIME" NUMBER(13) ,
  "PREV_FIRE_TIME" NUMBER(13) ,
  "PRIORITY" NUMBER(13) ,
  "TRIGGER_STATE" VARCHAR2(16 BYTE) NOT NULL ,
  "TRIGGER_TYPE" VARCHAR2(8 BYTE) NOT NULL ,
  "START_TIME" NUMBER(13) NOT NULL ,
  "END_TIME" NUMBER(13) ,
  "CALENDAR_NAME" VARCHAR2(200 BYTE) ,
  "MISFIRE_INSTR" NUMBER(2) ,
  "JOB_DATA" BLOB
)

LOGGING
NOCOMPRESS
PCTFREE 10
INITRANS 1
STORAGE (
  INITIAL 65536
  NEXT 1048576
  MINEXTENTS 1
  MAXEXTENTS 2147483645
  BUFFER_POOL DEFAULT
)
PARALLEL 1
NOCACHE
DISABLE ROW MOVEMENT
;

-- ----------------------------
-- Records of QRTZ_TRIGGERS
-- ----------------------------
INSERT INTO "QRTZ_TRIGGERS" VALUES ('RuoyiScheduler', 'TASK_CLASS_NAME2', 'DEFAULT', 'TASK_CLASS_NAME2', 'DEFAULT', NULL, '1611135345000', '-1', '5', 'PAUSED', 'CRON', '1611135345000', '0', NULL, '2', NULL);
INSERT INTO "QRTZ_TRIGGERS" VALUES ('RuoyiScheduler', 'TASK_CLASS_NAME3', 'DEFAULT', 'TASK_CLASS_NAME3', 'DEFAULT', NULL, '1611135360000', '-1', '5', 'PAUSED', 'CRON', '1611135345000', '0', NULL, '2', NULL);
INSERT INTO "QRTZ_TRIGGERS" VALUES ('RuoyiScheduler', 'TASK_CLASS_NAME1', 'DEFAULT', 'TASK_CLASS_NAME1', 'DEFAULT', NULL, '1611135350000', '-1', '5', 'PAUSED', 'CRON', '1611135345000', '0', NULL, '2', NULL);

-- ----------------------------
-- Table structure for SYS_CONFIG
-- ----------------------------

CREATE TABLE "SYS_CONFIG" (
  "CONFIG_ID" NUMBER(20) NOT NULL ,
  "CONFIG_NAME" VARCHAR2(100 BYTE) DEFAULT '' ,
  "CONFIG_KEY" VARCHAR2(100 BYTE) DEFAULT '' ,
  "CONFIG_VALUE" VARCHAR2(100 BYTE) DEFAULT '' ,
  "CONFIG_TYPE" CHAR(1 BYTE) DEFAULT 'N' ,
  "CREATE_BY" VARCHAR2(64 BYTE) DEFAULT '' ,
  "CREATE_TIME" DATE ,
  "UPDATE_BY" VARCHAR2(64 BYTE) DEFAULT '' ,
  "UPDATE_TIME" DATE ,
  "REMARK" VARCHAR2(500 BYTE) DEFAULT NULL
)

LOGGING
NOCOMPRESS
PCTFREE 10
INITRANS 1
STORAGE (
  INITIAL 65536
  NEXT 1048576
  MINEXTENTS 1
  MAXEXTENTS 2147483645
  BUFFER_POOL DEFAULT
)
PARALLEL 1
NOCACHE
DISABLE ROW MOVEMENT
;
COMMENT ON COLUMN "SYS_CONFIG"."CONFIG_ID" IS '参数主键seq_sys_config.nextval';
COMMENT ON COLUMN "SYS_CONFIG"."CONFIG_NAME" IS '参数名称';
COMMENT ON COLUMN "SYS_CONFIG"."CONFIG_KEY" IS '参数键名';
COMMENT ON COLUMN "SYS_CONFIG"."CONFIG_VALUE" IS '参数键值';
COMMENT ON COLUMN "SYS_CONFIG"."CONFIG_TYPE" IS '系统内置（Y是 N否）';
COMMENT ON COLUMN "SYS_CONFIG"."CREATE_BY" IS '创建者';
COMMENT ON COLUMN "SYS_CONFIG"."CREATE_TIME" IS '创建时间';
COMMENT ON COLUMN "SYS_CONFIG"."UPDATE_BY" IS '更新者';
COMMENT ON COLUMN "SYS_CONFIG"."UPDATE_TIME" IS '更新时间';
COMMENT ON COLUMN "SYS_CONFIG"."REMARK" IS '备注';
COMMENT ON TABLE "SYS_CONFIG" IS '参数配置表';

-- ----------------------------
-- Records of SYS_CONFIG
-- ----------------------------
INSERT INTO "SYS_CONFIG" VALUES ('1', '主框架页-默认皮肤样式名称', 'sys.index.skinName', 'skin-blue', 'Y', 'admin', TO_DATE('2021-01-17 11:41:18', 'SYYYY-MM-DD HH24:MI:SS'), NULL, NULL, '蓝色 skin-blue、绿色 skin-green、紫色 skin-purple、红色 skin-red、黄色 skin-yellow');
INSERT INTO "SYS_CONFIG" VALUES ('2', '用户管理-账号初始密码', 'sys.user.initPassword', '123456', 'Y', 'admin', TO_DATE('2021-01-17 11:41:18', 'SYYYY-MM-DD HH24:MI:SS'), NULL, NULL, '初始化密码 123456');
INSERT INTO "SYS_CONFIG" VALUES ('3', '主框架页-侧边栏主题', 'sys.index.sideTheme', 'theme-dark', 'Y', 'admin', TO_DATE('2021-01-17 11:41:18', 'SYYYY-MM-DD HH24:MI:SS'), NULL, NULL, '深黑主题theme-dark，浅色主题theme-light，深蓝主题theme-blue');
INSERT INTO "SYS_CONFIG" VALUES ('4', '账号自助-是否开启用户注册功能', 'sys.account.registerUser', 'false', 'Y', 'admin', TO_DATE('2021-01-17 11:41:18', 'SYYYY-MM-DD HH24:MI:SS'), NULL, NULL, '是否开启注册用户功能（true开启，false关闭）');
INSERT INTO "SYS_CONFIG" VALUES ('5', '用户管理-密码字符范围', 'sys.account.chrtype', '0', 'Y', 'admin', TO_DATE('2021-01-17 11:41:18', 'SYYYY-MM-DD HH24:MI:SS'), NULL, NULL, '默认任意字符范围，0任意（密码可以输入任意字符），1数字（密码只能为0-9数字），2英文字母（密码只能为a-z和A-Z字母），3字母和数字（密码必须包含字母，数字）,4字母数字和特殊字符（目前支持的特殊字符包括：~!@#$%^&*()-=_+）');
INSERT INTO "SYS_CONFIG" VALUES ('6', '用户管理-初始密码修改策略', 'sys.account.initPasswordModify', '0', 'Y', 'admin', TO_DATE('2021-01-17 11:41:18', 'SYYYY-MM-DD HH24:MI:SS'), NULL, NULL, '0：初始密码修改策略关闭，没有任何提示，1：提醒用户，如果未修改初始密码，则在登录时就会提醒修改密码对话框');
INSERT INTO "SYS_CONFIG" VALUES ('7', '用户管理-账号密码更新周期', 'sys.account.passwordValidateDays', '0', 'Y', 'admin', TO_DATE('2021-01-17 11:41:18', 'SYYYY-MM-DD HH24:MI:SS'), NULL, NULL, '密码更新周期（填写数字，数据初始化值为0不限制，若修改必须为大于0小于365的正整数），如果超过这个周期登录系统时，则在登录时就会提醒修改密码对话框');
INSERT INTO "SYS_CONFIG" VALUES ('8', '主框架页-菜单导航显示风格', 'sys.index.menuStyle', 'default', 'Y', 'admin', TO_DATE('2021-01-17 11:41:18', 'SYYYY-MM-DD HH24:MI:SS'), NULL, NULL, '菜单导航显示风格（default为左侧导航菜单，topnav为顶部导航菜单）');
INSERT INTO "SYS_CONFIG" VALUES ('9', '主框架页-是否开启页脚', 'sys.index.ignoreFooter', 'true', 'Y', 'admin', TO_DATE('2021-01-17 11:41:18', 'SYYYY-MM-DD HH24:MI:SS'), NULL, NULL, '是否开启底部页脚显示（true显示，false隐藏）');

-- ----------------------------
-- Table structure for SYS_DEPT
-- ----------------------------

CREATE TABLE "SYS_DEPT" (
  "DEPT_ID" NUMBER(20) NOT NULL ,
  "PARENT_ID" NUMBER(20) DEFAULT 0 ,
  "ANCESTORS" VARCHAR2(50 BYTE) DEFAULT '' ,
  "DEPT_NAME" VARCHAR2(30 BYTE) DEFAULT '' ,
  "ORDER_NUM" NUMBER(4) DEFAULT 0 ,
  "LEADER" VARCHAR2(20 BYTE) DEFAULT NULL ,
  "PHONE" VARCHAR2(11 BYTE) DEFAULT NULL ,
  "EMAIL" VARCHAR2(50 BYTE) DEFAULT NULL ,
  "STATUS" CHAR(1 BYTE) DEFAULT '0' ,
  "DEL_FLAG" CHAR(1 BYTE) DEFAULT '0' ,
  "CREATE_BY" VARCHAR2(64 BYTE) DEFAULT '' ,
  "CREATE_TIME" DATE ,
  "UPDATE_BY" VARCHAR2(64 BYTE) DEFAULT '' ,
  "UPDATE_TIME" DATE ,
  "DEPT_TYPE" VARCHAR2(30 BYTE) ,
  "DEPT_LEVEL" VARCHAR2(30 BYTE)
)

LOGGING
NOCOMPRESS
PCTFREE 10
INITRANS 1
STORAGE (
  INITIAL 65536
  NEXT 1048576
  MINEXTENTS 1
  MAXEXTENTS 2147483645
  BUFFER_POOL DEFAULT
)
PARALLEL 1
NOCACHE
DISABLE ROW MOVEMENT
;
COMMENT ON COLUMN "SYS_DEPT"."DEPT_ID" IS '部门主键seq_sys_dept.nextval';
COMMENT ON COLUMN "SYS_DEPT"."PARENT_ID" IS '父部门id';
COMMENT ON COLUMN "SYS_DEPT"."ANCESTORS" IS '祖级列表';
COMMENT ON COLUMN "SYS_DEPT"."DEPT_NAME" IS '部门名称';
COMMENT ON COLUMN "SYS_DEPT"."ORDER_NUM" IS '显示顺序';
COMMENT ON COLUMN "SYS_DEPT"."LEADER" IS '负责人';
COMMENT ON COLUMN "SYS_DEPT"."PHONE" IS '联系电话';
COMMENT ON COLUMN "SYS_DEPT"."EMAIL" IS '邮箱';
COMMENT ON COLUMN "SYS_DEPT"."STATUS" IS '部门状态（0正常 1停用）';
COMMENT ON COLUMN "SYS_DEPT"."DEL_FLAG" IS '删除标志（0代表存在 2代表删除）';
COMMENT ON COLUMN "SYS_DEPT"."CREATE_BY" IS '创建者';
COMMENT ON COLUMN "SYS_DEPT"."CREATE_TIME" IS '创建时间';
COMMENT ON COLUMN "SYS_DEPT"."UPDATE_BY" IS '更新者';
COMMENT ON COLUMN "SYS_DEPT"."UPDATE_TIME" IS '更新时间';
COMMENT ON COLUMN "SYS_DEPT"."DEPT_TYPE" IS '部门类型';
COMMENT ON COLUMN "SYS_DEPT"."DEPT_LEVEL" IS '部门等级';
COMMENT ON TABLE "SYS_DEPT" IS '部门信息表';

-- ----------------------------
-- Records of SYS_DEPT
-- ----------------------------
INSERT INTO "SYS_DEPT" VALUES ('206', '101', '0,100,101', '测试', '1', '12', '1212122122', NULL, '0', '0', 'admin', TO_DATE('2021-01-17 21:25:57', 'SYYYY-MM-DD HH24:MI:SS'), 'admin', TO_DATE('2021-01-17 21:26:17', 'SYYYY-MM-DD HH24:MI:SS'), '1212', '12122');
INSERT INTO "SYS_DEPT" VALUES ('100', '0', '0', '若依科技', '0', '若依', '15888888888', 'ry@qq.com', '0', '0', 'admin', TO_DATE('2021-01-17 11:41:13', 'SYYYY-MM-DD HH24:MI:SS'), 'admin', TO_DATE('2021-01-17 21:26:17', 'SYYYY-MM-DD HH24:MI:SS'), NULL, NULL);
INSERT INTO "SYS_DEPT" VALUES ('101', '100', '0,100', '深圳总公司', '1', '若依', '15888888888', 'ry@qq.com', '0', '0', 'admin', TO_DATE('2021-01-17 11:41:13', 'SYYYY-MM-DD HH24:MI:SS'), 'admin', TO_DATE('2021-01-17 21:26:17', 'SYYYY-MM-DD HH24:MI:SS'), NULL, NULL);
INSERT INTO "SYS_DEPT" VALUES ('102', '100', '0,100', '长沙分公司', '2', '若依', '15888888888', 'ry@qq.com', '0', '0', 'admin', TO_DATE('2021-01-17 11:41:13', 'SYYYY-MM-DD HH24:MI:SS'), NULL, NULL, NULL, NULL);
INSERT INTO "SYS_DEPT" VALUES ('103', '101', '0,100,101', '研发部门', '1', '若依', '15888888888', 'ry@qq.com', '0', '0', 'admin', TO_DATE('2021-01-17 11:41:13', 'SYYYY-MM-DD HH24:MI:SS'), 'admin', TO_DATE('2021-01-17 21:25:40', 'SYYYY-MM-DD HH24:MI:SS'), '100', '12');
INSERT INTO "SYS_DEPT" VALUES ('104', '101', '0,100,101', '市场部门', '2', '若依', '15888888888', 'ry@qq.com', '0', '0', 'admin', TO_DATE('2021-01-17 11:41:13', 'SYYYY-MM-DD HH24:MI:SS'), NULL, NULL, NULL, NULL);
INSERT INTO "SYS_DEPT" VALUES ('105', '101', '0,100,101', '测试部门', '3', '若依', '15888888888', 'ry@qq.com', '0', '0', 'admin', TO_DATE('2021-01-17 11:41:13', 'SYYYY-MM-DD HH24:MI:SS'), NULL, NULL, NULL, NULL);
INSERT INTO "SYS_DEPT" VALUES ('106', '101', '0,100,101', '财务部门', '4', '若依', '15888888888', 'ry@qq.com', '0', '0', 'admin', TO_DATE('2021-01-17 11:41:13', 'SYYYY-MM-DD HH24:MI:SS'), NULL, NULL, NULL, NULL);
INSERT INTO "SYS_DEPT" VALUES ('107', '101', '0,100,101', '运维部门', '5', '若依', '15888888888', 'ry@qq.com', '0', '0', 'admin', TO_DATE('2021-01-17 11:41:13', 'SYYYY-MM-DD HH24:MI:SS'), NULL, NULL, NULL, NULL);
INSERT INTO "SYS_DEPT" VALUES ('108', '102', '0,100,102', '市场部门', '1', '若依', '15888888888', 'ry@qq.com', '0', '0', 'admin', TO_DATE('2021-01-17 11:41:13', 'SYYYY-MM-DD HH24:MI:SS'), NULL, NULL, NULL, NULL);
INSERT INTO "SYS_DEPT" VALUES ('109', '102', '0,100,102', '财务部门', '2', '若依', '15888888888', 'ry@qq.com', '0', '0', 'admin', TO_DATE('2021-01-17 11:41:13', 'SYYYY-MM-DD HH24:MI:SS'), NULL, NULL, NULL, NULL);

-- ----------------------------
-- Table structure for SYS_DEPT_POST
-- ----------------------------

CREATE TABLE "SYS_DEPT_POST" (
  "UP_ID" NUMBER(20) NOT NULL ,
  "POST_ID" NUMBER(20) NOT NULL ,
  "DEPT_ID" NUMBER(20) NOT NULL
)

LOGGING
NOCOMPRESS
PCTFREE 10
INITRANS 1
STORAGE (
  INITIAL 65536
  NEXT 1048576
  MINEXTENTS 1
  MAXEXTENTS 2147483645
  BUFFER_POOL DEFAULT
)
PARALLEL 1
NOCACHE
DISABLE ROW MOVEMENT
;
COMMENT ON COLUMN "SYS_DEPT_POST"."UP_ID" IS '部门岗位关系表主键';
COMMENT ON COLUMN "SYS_DEPT_POST"."POST_ID" IS '岗位id';
COMMENT ON COLUMN "SYS_DEPT_POST"."DEPT_ID" IS '部门id';

-- ----------------------------
-- Records of SYS_DEPT_POST
-- ----------------------------
INSERT INTO "SYS_DEPT_POST" VALUES ('1', '1', '100');
INSERT INTO "SYS_DEPT_POST" VALUES ('2', '1', '101');
INSERT INTO "SYS_DEPT_POST" VALUES ('3', '2', '100');
INSERT INTO "SYS_DEPT_POST" VALUES ('4', '2', '101');

-- ----------------------------
-- Table structure for SYS_DICT_DATA
-- ----------------------------

CREATE TABLE "SYS_DICT_DATA" (
  "DICT_CODE" NUMBER(20) NOT NULL ,
  "DICT_SORT" NUMBER(4) DEFAULT 0 ,
  "DICT_LABEL" VARCHAR2(100 BYTE) DEFAULT '' ,
  "DICT_VALUE" VARCHAR2(100 BYTE) DEFAULT '' ,
  "DICT_TYPE" VARCHAR2(100 BYTE) DEFAULT '' ,
  "CSS_CLASS" VARCHAR2(100 BYTE) DEFAULT NULL ,
  "LIST_CLASS" VARCHAR2(100 BYTE) DEFAULT NULL ,
  "IS_DEFAULT" CHAR(1 BYTE) DEFAULT 'N' ,
  "STATUS" CHAR(1 BYTE) DEFAULT '0' ,
  "CREATE_BY" VARCHAR2(64 BYTE) DEFAULT '' ,
  "CREATE_TIME" DATE ,
  "UPDATE_BY" VARCHAR2(64 BYTE) DEFAULT '' ,
  "UPDATE_TIME" DATE ,
  "REMARK" VARCHAR2(500 BYTE) DEFAULT NULL
)

LOGGING
NOCOMPRESS
PCTFREE 10
INITRANS 1
STORAGE (
  INITIAL 65536
  NEXT 1048576
  MINEXTENTS 1
  MAXEXTENTS 2147483645
  BUFFER_POOL DEFAULT
)
PARALLEL 1
NOCACHE
DISABLE ROW MOVEMENT
;
COMMENT ON COLUMN "SYS_DICT_DATA"."DICT_CODE" IS '字典主键seq_sys_dict_data.nextval';
COMMENT ON COLUMN "SYS_DICT_DATA"."DICT_SORT" IS '字典排序';
COMMENT ON COLUMN "SYS_DICT_DATA"."DICT_LABEL" IS '字典标签';
COMMENT ON COLUMN "SYS_DICT_DATA"."DICT_VALUE" IS '字典键值';
COMMENT ON COLUMN "SYS_DICT_DATA"."DICT_TYPE" IS '字典类型';
COMMENT ON COLUMN "SYS_DICT_DATA"."CSS_CLASS" IS '样式属性（其他样式扩展）';
COMMENT ON COLUMN "SYS_DICT_DATA"."LIST_CLASS" IS '表格回显样式';
COMMENT ON COLUMN "SYS_DICT_DATA"."IS_DEFAULT" IS '是否默认（Y是 N否）';
COMMENT ON COLUMN "SYS_DICT_DATA"."STATUS" IS '状态（0正常 1停用）';
COMMENT ON COLUMN "SYS_DICT_DATA"."CREATE_BY" IS '创建者';
COMMENT ON COLUMN "SYS_DICT_DATA"."CREATE_TIME" IS '创建时间';
COMMENT ON COLUMN "SYS_DICT_DATA"."UPDATE_BY" IS '更新者';
COMMENT ON COLUMN "SYS_DICT_DATA"."UPDATE_TIME" IS '更新时间';
COMMENT ON COLUMN "SYS_DICT_DATA"."REMARK" IS '备注';
COMMENT ON TABLE "SYS_DICT_DATA" IS '字典数据表';

-- ----------------------------
-- Records of SYS_DICT_DATA
-- ----------------------------
INSERT INTO "SYS_DICT_DATA" VALUES ('100', '1', '启用', '0', 'sys_site_status', NULL, 'primary', 'Y', '0', 'admin', TO_DATE('2021-01-19 13:31:37', 'SYYYY-MM-DD HH24:MI:SS'), NULL, NULL, '站点开启状态');
INSERT INTO "SYS_DICT_DATA" VALUES ('101', '2', '停用', '1', 'sys_site_status', NULL, 'danger', 'Y', '0', 'admin', TO_DATE('2021-01-19 13:33:05', 'SYYYY-MM-DD HH24:MI:SS'), NULL, NULL, '站点停用');
INSERT INTO "SYS_DICT_DATA" VALUES ('104', '2', '搜索引擎', '搜索引擎', 'sys_site_type', NULL, NULL, 'Y', '0', 'admin', TO_DATE('2021-01-19 13:50:50', 'SYYYY-MM-DD HH24:MI:SS'), NULL, NULL, NULL);
INSERT INTO "SYS_DICT_DATA" VALUES ('105', '1', '一类部门', '560001', 'sys_dept_type', NULL, NULL, 'Y', '0', 'admin', TO_DATE('2021-01-19 13:58:29', 'SYYYY-MM-DD HH24:MI:SS'), NULL, NULL, '560001-560007');
INSERT INTO "SYS_DICT_DATA" VALUES ('110', '6', '六类部门', '560006', 'sys_dept_type', NULL, NULL, 'Y', '0', 'admin', TO_DATE('2021-01-19 13:59:49', 'SYYYY-MM-DD HH24:MI:SS'), NULL, NULL, NULL);
INSERT INTO "SYS_DICT_DATA" VALUES ('111', '7', '七类部门', '560007', 'sys_dept_type', NULL, NULL, 'Y', '0', 'admin', TO_DATE('2021-01-19 14:00:13', 'SYYYY-MM-DD HH24:MI:SS'), NULL, NULL, NULL);
INSERT INTO "SYS_DICT_DATA" VALUES ('112', '1', '一级部门', '60090001', 'sys_dept_level', NULL, NULL, 'Y', '0', 'admin', TO_DATE('2021-01-19 14:05:09', 'SYYYY-MM-DD HH24:MI:SS'), NULL, NULL, NULL);
INSERT INTO "SYS_DICT_DATA" VALUES ('113', '2', '二级部门', '60090002', 'sys_dept_level', NULL, NULL, 'Y', '0', 'admin', TO_DATE('2021-01-19 14:05:20', 'SYYYY-MM-DD HH24:MI:SS'), NULL, NULL, NULL);
INSERT INTO "SYS_DICT_DATA" VALUES ('117', '1', '一级角色', '70001', 'sys_role_type', NULL, NULL, 'Y', '0', 'admin', TO_DATE('2021-01-19 14:09:28', 'SYYYY-MM-DD HH24:MI:SS'), NULL, NULL, '70001');
INSERT INTO "SYS_DICT_DATA" VALUES ('115', '3', '三级部门', '60090003', 'sys_dept_level', NULL, NULL, 'Y', '0', 'admin', TO_DATE('2021-01-19 14:05:54', 'SYYYY-MM-DD HH24:MI:SS'), NULL, NULL, '60090003');
INSERT INTO "SYS_DICT_DATA" VALUES ('116', '4', '四级部门', '60090004', 'sys_dept_level', NULL, NULL, 'Y', '0', 'admin', TO_DATE('2021-01-19 14:06:07', 'SYYYY-MM-DD HH24:MI:SS'), NULL, NULL, '60090004');
INSERT INTO "SYS_DICT_DATA" VALUES ('118', '2', '二级角色', '70002', 'sys_role_type', NULL, NULL, 'Y', '0', 'admin', TO_DATE('2021-01-19 14:09:40', 'SYYYY-MM-DD HH24:MI:SS'), NULL, NULL, '70002');
INSERT INTO "SYS_DICT_DATA" VALUES ('119', '3', '三级角色', '70003', 'sys_role_type', NULL, NULL, 'Y', '0', 'admin', TO_DATE('2021-01-19 14:09:50', 'SYYYY-MM-DD HH24:MI:SS'), NULL, NULL, '70003');
INSERT INTO "SYS_DICT_DATA" VALUES ('120', '4', '四级角色', '70004', 'sys_role_type', NULL, NULL, 'Y', '0', 'admin', TO_DATE('2021-01-19 14:10:07', 'SYYYY-MM-DD HH24:MI:SS'), NULL, NULL, '70004');
INSERT INTO "SYS_DICT_DATA" VALUES ('1', '1', '男', '0', 'sys_user_sex', NULL, NULL, 'Y', '0', 'admin', TO_DATE('2021-01-17 11:41:17', 'SYYYY-MM-DD HH24:MI:SS'), NULL, NULL, '性别男');
INSERT INTO "SYS_DICT_DATA" VALUES ('2', '2', '女', '1', 'sys_user_sex', NULL, NULL, 'N', '0', 'admin', TO_DATE('2021-01-17 11:41:17', 'SYYYY-MM-DD HH24:MI:SS'), NULL, NULL, '性别女');
INSERT INTO "SYS_DICT_DATA" VALUES ('3', '3', '未知', '2', 'sys_user_sex', NULL, NULL, 'N', '0', 'admin', TO_DATE('2021-01-17 11:41:17', 'SYYYY-MM-DD HH24:MI:SS'), NULL, NULL, '性别未知');
INSERT INTO "SYS_DICT_DATA" VALUES ('4', '1', '显示', '0', 'sys_show_hide', NULL, 'primary', 'Y', '0', 'admin', TO_DATE('2021-01-17 11:41:17', 'SYYYY-MM-DD HH24:MI:SS'), NULL, NULL, '显示菜单');
INSERT INTO "SYS_DICT_DATA" VALUES ('5', '2', '隐藏', '1', 'sys_show_hide', NULL, 'danger', 'N', '0', 'admin', TO_DATE('2021-01-17 11:41:17', 'SYYYY-MM-DD HH24:MI:SS'), NULL, NULL, '隐藏菜单');
INSERT INTO "SYS_DICT_DATA" VALUES ('6', '1', '正常', '0', 'sys_normal_disable', NULL, 'primary', 'Y', '0', 'admin', TO_DATE('2021-01-17 11:41:17', 'SYYYY-MM-DD HH24:MI:SS'), NULL, NULL, '正常状态');
INSERT INTO "SYS_DICT_DATA" VALUES ('7', '2', '停用', '1', 'sys_normal_disable', NULL, 'danger', 'N', '0', 'admin', TO_DATE('2021-01-17 11:41:17', 'SYYYY-MM-DD HH24:MI:SS'), NULL, NULL, '停用状态');
INSERT INTO "SYS_DICT_DATA" VALUES ('8', '1', '正常', '0', 'sys_job_status', NULL, 'primary', 'Y', '0', 'admin', TO_DATE('2021-01-17 11:41:17', 'SYYYY-MM-DD HH24:MI:SS'), NULL, NULL, '正常状态');
INSERT INTO "SYS_DICT_DATA" VALUES ('9', '2', '暂停', '1', 'sys_job_status', NULL, 'danger', 'N', '0', 'admin', TO_DATE('2021-01-17 11:41:17', 'SYYYY-MM-DD HH24:MI:SS'), NULL, NULL, '停用状态');
INSERT INTO "SYS_DICT_DATA" VALUES ('10', '1', '默认', 'DEFAULT', 'sys_job_group', NULL, NULL, 'Y', '0', 'admin', TO_DATE('2021-01-17 11:41:17', 'SYYYY-MM-DD HH24:MI:SS'), NULL, NULL, '默认分组');
INSERT INTO "SYS_DICT_DATA" VALUES ('11', '2', '系统', 'SYSTEM', 'sys_job_group', NULL, NULL, 'N', '0', 'admin', TO_DATE('2021-01-17 11:41:18', 'SYYYY-MM-DD HH24:MI:SS'), NULL, NULL, '系统分组');
INSERT INTO "SYS_DICT_DATA" VALUES ('12', '1', '是', 'Y', 'sys_yes_no', NULL, 'primary', 'Y', '0', 'admin', TO_DATE('2021-01-17 11:41:18', 'SYYYY-MM-DD HH24:MI:SS'), NULL, NULL, '系统默认是');
INSERT INTO "SYS_DICT_DATA" VALUES ('13', '2', '否', 'N', 'sys_yes_no', NULL, 'danger', 'N', '0', 'admin', TO_DATE('2021-01-17 11:41:18', 'SYYYY-MM-DD HH24:MI:SS'), NULL, NULL, '系统默认否');
INSERT INTO "SYS_DICT_DATA" VALUES ('14', '1', '通知', '1', 'sys_notice_type', NULL, 'warning', 'Y', '0', 'admin', TO_DATE('2021-01-17 11:41:18', 'SYYYY-MM-DD HH24:MI:SS'), NULL, NULL, '通知');
INSERT INTO "SYS_DICT_DATA" VALUES ('15', '2', '公告', '2', 'sys_notice_type', NULL, 'success', 'N', '0', 'admin', TO_DATE('2021-01-17 11:41:18', 'SYYYY-MM-DD HH24:MI:SS'), NULL, NULL, '公告');
INSERT INTO "SYS_DICT_DATA" VALUES ('16', '1', '正常', '0', 'sys_notice_status', NULL, 'primary', 'Y', '0', 'admin', TO_DATE('2021-01-17 11:41:18', 'SYYYY-MM-DD HH24:MI:SS'), NULL, NULL, '正常状态');
INSERT INTO "SYS_DICT_DATA" VALUES ('17', '2', '关闭', '1', 'sys_notice_status', NULL, 'danger', 'N', '0', 'admin', TO_DATE('2021-01-17 11:41:18', 'SYYYY-MM-DD HH24:MI:SS'), NULL, NULL, '关闭状态');
INSERT INTO "SYS_DICT_DATA" VALUES ('18', '99', '其他', '0', 'sys_oper_type', NULL, 'info', 'N', '0', 'admin', TO_DATE('2021-01-17 11:41:18', 'SYYYY-MM-DD HH24:MI:SS'), NULL, NULL, '其他操作');
INSERT INTO "SYS_DICT_DATA" VALUES ('19', '1', '新增', '1', 'sys_oper_type', NULL, 'info', 'N', '0', 'admin', TO_DATE('2021-01-17 11:41:18', 'SYYYY-MM-DD HH24:MI:SS'), NULL, NULL, '新增操作');
INSERT INTO "SYS_DICT_DATA" VALUES ('20', '2', '修改', '2', 'sys_oper_type', NULL, 'info', 'N', '0', 'admin', TO_DATE('2021-01-17 11:41:18', 'SYYYY-MM-DD HH24:MI:SS'), NULL, NULL, '修改操作');
INSERT INTO "SYS_DICT_DATA" VALUES ('21', '3', '删除', '3', 'sys_oper_type', NULL, 'danger', 'N', '0', 'admin', TO_DATE('2021-01-17 11:41:18', 'SYYYY-MM-DD HH24:MI:SS'), NULL, NULL, '删除操作');
INSERT INTO "SYS_DICT_DATA" VALUES ('22', '4', '授权', '4', 'sys_oper_type', NULL, 'primary', 'N', '0', 'admin', TO_DATE('2021-01-17 11:41:18', 'SYYYY-MM-DD HH24:MI:SS'), NULL, NULL, '授权操作');
INSERT INTO "SYS_DICT_DATA" VALUES ('23', '5', '导出', '5', 'sys_oper_type', NULL, 'warning', 'N', '0', 'admin', TO_DATE('2021-01-17 11:41:18', 'SYYYY-MM-DD HH24:MI:SS'), NULL, NULL, '导出操作');
INSERT INTO "SYS_DICT_DATA" VALUES ('24', '6', '导入', '6', 'sys_oper_type', NULL, 'warning', 'N', '0', 'admin', TO_DATE('2021-01-17 11:41:18', 'SYYYY-MM-DD HH24:MI:SS'), NULL, NULL, '导入操作');
INSERT INTO "SYS_DICT_DATA" VALUES ('25', '7', '强退', '7', 'sys_oper_type', NULL, 'danger', 'N', '0', 'admin', TO_DATE('2021-01-17 11:41:18', 'SYYYY-MM-DD HH24:MI:SS'), NULL, NULL, '强退操作');
INSERT INTO "SYS_DICT_DATA" VALUES ('26', '8', '生成代码', '8', 'sys_oper_type', NULL, 'warning', 'N', '0', 'admin', TO_DATE('2021-01-17 11:41:18', 'SYYYY-MM-DD HH24:MI:SS'), NULL, NULL, '生成操作');
INSERT INTO "SYS_DICT_DATA" VALUES ('27', '9', '清空数据', '9', 'sys_oper_type', NULL, 'danger', 'N', '0', 'admin', TO_DATE('2021-01-17 11:41:18', 'SYYYY-MM-DD HH24:MI:SS'), NULL, NULL, '清空操作');
INSERT INTO "SYS_DICT_DATA" VALUES ('28', '1', '成功', '0', 'sys_common_status', NULL, 'primary', 'N', '0', 'admin', TO_DATE('2021-01-17 11:41:18', 'SYYYY-MM-DD HH24:MI:SS'), NULL, NULL, '正常状态');
INSERT INTO "SYS_DICT_DATA" VALUES ('29', '2', '失败', '1', 'sys_common_status', NULL, 'danger', 'N', '0', 'admin', TO_DATE('2021-01-17 11:41:18', 'SYYYY-MM-DD HH24:MI:SS'), NULL, NULL, '停用状态');
INSERT INTO "SYS_DICT_DATA" VALUES ('103', '1', '电商', '电商', 'sys_site_type', NULL, 'info', 'Y', '0', 'admin', TO_DATE('2021-01-19 13:50:01', 'SYYYY-MM-DD HH24:MI:SS'), NULL, NULL, '电子商务网站');
INSERT INTO "SYS_DICT_DATA" VALUES ('106', '2', '二类部门', '560002', 'sys_dept_type', NULL, NULL, 'Y', '0', 'admin', TO_DATE('2021-01-19 13:58:45', 'SYYYY-MM-DD HH24:MI:SS'), NULL, NULL, '560002');
INSERT INTO "SYS_DICT_DATA" VALUES ('107', '3', '三类部门', '560003', 'sys_dept_type', NULL, NULL, 'Y', '0', 'admin', TO_DATE('2021-01-19 13:58:58', 'SYYYY-MM-DD HH24:MI:SS'), NULL, NULL, '5600023');
INSERT INTO "SYS_DICT_DATA" VALUES ('108', '4', '四类部门', '560004', 'sys_dept_type', NULL, NULL, 'Y', '0', 'admin', TO_DATE('2021-01-19 13:59:16', 'SYYYY-MM-DD HH24:MI:SS'), NULL, NULL, '560004');
INSERT INTO "SYS_DICT_DATA" VALUES ('109', '5', '五类部门', '560005', 'sys_dept_type', NULL, NULL, 'Y', '0', 'admin', TO_DATE('2021-01-19 13:59:35', 'SYYYY-MM-DD HH24:MI:SS'), NULL, NULL, NULL);

-- ----------------------------
-- Table structure for SYS_DICT_TYPE
-- ----------------------------

CREATE TABLE "SYS_DICT_TYPE" (
  "DICT_ID" NUMBER(20) NOT NULL ,
  "DICT_NAME" VARCHAR2(100 BYTE) DEFAULT '' ,
  "DICT_TYPE" VARCHAR2(100 BYTE) DEFAULT '' ,
  "STATUS" CHAR(1 BYTE) DEFAULT '0' ,
  "CREATE_BY" VARCHAR2(64 BYTE) DEFAULT '' ,
  "CREATE_TIME" DATE ,
  "UPDATE_BY" VARCHAR2(64 BYTE) DEFAULT '' ,
  "UPDATE_TIME" DATE ,
  "REMARK" VARCHAR2(500 BYTE) DEFAULT NULL
)

LOGGING
NOCOMPRESS
PCTFREE 10
INITRANS 1
STORAGE (
  INITIAL 65536
  NEXT 1048576
  MINEXTENTS 1
  MAXEXTENTS 2147483645
  BUFFER_POOL DEFAULT
)
PARALLEL 1
NOCACHE
DISABLE ROW MOVEMENT
;
COMMENT ON COLUMN "SYS_DICT_TYPE"."DICT_ID" IS '字典主键seq_sys_dict_type.nextval';
COMMENT ON COLUMN "SYS_DICT_TYPE"."DICT_NAME" IS '字典名称';
COMMENT ON COLUMN "SYS_DICT_TYPE"."DICT_TYPE" IS '字典类型';
COMMENT ON COLUMN "SYS_DICT_TYPE"."STATUS" IS '状态（0正常 1停用）';
COMMENT ON COLUMN "SYS_DICT_TYPE"."CREATE_BY" IS '创建者';
COMMENT ON COLUMN "SYS_DICT_TYPE"."CREATE_TIME" IS '创建时间';
COMMENT ON COLUMN "SYS_DICT_TYPE"."UPDATE_BY" IS '更新者';
COMMENT ON COLUMN "SYS_DICT_TYPE"."UPDATE_TIME" IS '更新时间';
COMMENT ON COLUMN "SYS_DICT_TYPE"."REMARK" IS '备注';
COMMENT ON TABLE "SYS_DICT_TYPE" IS '字典类型表';

-- ----------------------------
-- Records of SYS_DICT_TYPE
-- ----------------------------
INSERT INTO "SYS_DICT_TYPE" VALUES ('100', '站点状态', 'sys_site_status', '0', 'admin', TO_DATE('2021-01-19 13:28:41', 'SYYYY-MM-DD HH24:MI:SS'), NULL, NULL, '站点启用或关闭');
INSERT INTO "SYS_DICT_TYPE" VALUES ('101', '站点类型', 'sys_site_type', '0', 'admin', TO_DATE('2021-01-19 13:43:51', 'SYYYY-MM-DD HH24:MI:SS'), NULL, NULL, '站点所属类型');
INSERT INTO "SYS_DICT_TYPE" VALUES ('102', '部门类型', 'sys_dept_type', '0', 'admin', TO_DATE('2021-01-19 13:57:30', 'SYYYY-MM-DD HH24:MI:SS'), NULL, NULL, '部门类型');
INSERT INTO "SYS_DICT_TYPE" VALUES ('103', '部门等级', 'sys_dept_level', '0', 'admin', TO_DATE('2021-01-19 14:04:25', 'SYYYY-MM-DD HH24:MI:SS'), NULL, NULL, '部门等级');
INSERT INTO "SYS_DICT_TYPE" VALUES ('104', '角色类型', 'sys_role_type', '0', 'admin', TO_DATE('2021-01-19 14:08:56', 'SYYYY-MM-DD HH24:MI:SS'), NULL, NULL, NULL);
INSERT INTO "SYS_DICT_TYPE" VALUES ('1', '用户性别', 'sys_user_sex', '0', 'admin', TO_DATE('2021-01-17 11:41:17', 'SYYYY-MM-DD HH24:MI:SS'), NULL, NULL, '用户性别列表');
INSERT INTO "SYS_DICT_TYPE" VALUES ('2', '菜单状态', 'sys_show_hide', '0', 'admin', TO_DATE('2021-01-17 11:41:17', 'SYYYY-MM-DD HH24:MI:SS'), NULL, NULL, '菜单状态列表');
INSERT INTO "SYS_DICT_TYPE" VALUES ('3', '系统开关', 'sys_normal_disable', '0', 'admin', TO_DATE('2021-01-17 11:41:17', 'SYYYY-MM-DD HH24:MI:SS'), NULL, NULL, '系统开关列表');
INSERT INTO "SYS_DICT_TYPE" VALUES ('4', '任务状态', 'sys_job_status', '0', 'admin', TO_DATE('2021-01-17 11:41:17', 'SYYYY-MM-DD HH24:MI:SS'), NULL, NULL, '任务状态列表');
INSERT INTO "SYS_DICT_TYPE" VALUES ('5', '任务分组', 'sys_job_group', '0', 'admin', TO_DATE('2021-01-17 11:41:17', 'SYYYY-MM-DD HH24:MI:SS'), NULL, NULL, '任务分组列表');
INSERT INTO "SYS_DICT_TYPE" VALUES ('6', '系统是否', 'sys_yes_no', '0', 'admin', TO_DATE('2021-01-17 11:41:17', 'SYYYY-MM-DD HH24:MI:SS'), NULL, NULL, '系统是否列表');
INSERT INTO "SYS_DICT_TYPE" VALUES ('7', '通知类型', 'sys_notice_type', '0', 'admin', TO_DATE('2021-01-17 11:41:17', 'SYYYY-MM-DD HH24:MI:SS'), NULL, NULL, '通知类型列表');
INSERT INTO "SYS_DICT_TYPE" VALUES ('8', '通知状态', 'sys_notice_status', '0', 'admin', TO_DATE('2021-01-17 11:41:17', 'SYYYY-MM-DD HH24:MI:SS'), NULL, NULL, '通知状态列表');
INSERT INTO "SYS_DICT_TYPE" VALUES ('9', '操作类型', 'sys_oper_type', '0', 'admin', TO_DATE('2021-01-17 11:41:17', 'SYYYY-MM-DD HH24:MI:SS'), NULL, NULL, '操作类型列表');
INSERT INTO "SYS_DICT_TYPE" VALUES ('10', '系统状态', 'sys_common_status', '0', 'admin', TO_DATE('2021-01-17 11:41:17', 'SYYYY-MM-DD HH24:MI:SS'), NULL, NULL, '登录状态列表');

-- ----------------------------
-- Table structure for SYS_JOB
-- ----------------------------

CREATE TABLE "SYS_JOB" (
  "JOB_ID" NUMBER(20) NOT NULL ,
  "JOB_NAME" VARCHAR2(64 BYTE) DEFAULT '' NOT NULL ,
  "JOB_GROUP" VARCHAR2(64 BYTE) DEFAULT '' NOT NULL ,
  "INVOKE_TARGET" VARCHAR2(500 BYTE) NOT NULL ,
  "CRON_EXPRESSION" VARCHAR2(255 BYTE) DEFAULT '' ,
  "MISFIRE_POLICY" VARCHAR2(20 BYTE) DEFAULT '3' ,
  "CONCURRENT" CHAR(1 BYTE) DEFAULT '1' ,
  "STATUS" CHAR(1 BYTE) DEFAULT '0' ,
  "CREATE_BY" VARCHAR2(64 BYTE) DEFAULT '' ,
  "CREATE_TIME" DATE ,
  "UPDATE_BY" VARCHAR2(64 BYTE) DEFAULT '' ,
  "UPDATE_TIME" DATE ,
  "REMARK" VARCHAR2(500 BYTE) DEFAULT ''
)

LOGGING
NOCOMPRESS
PCTFREE 10
INITRANS 1
STORAGE (
  INITIAL 65536
  NEXT 1048576
  MINEXTENTS 1
  MAXEXTENTS 2147483645
  BUFFER_POOL DEFAULT
)
PARALLEL 1
NOCACHE
DISABLE ROW MOVEMENT
;
COMMENT ON COLUMN "SYS_JOB"."JOB_ID" IS '任务主键seq_sys_job.nextval';
COMMENT ON COLUMN "SYS_JOB"."JOB_NAME" IS '任务名称';
COMMENT ON COLUMN "SYS_JOB"."JOB_GROUP" IS '任务组名';
COMMENT ON COLUMN "SYS_JOB"."INVOKE_TARGET" IS '调用目标字符串';
COMMENT ON COLUMN "SYS_JOB"."CRON_EXPRESSION" IS 'cron执行表达式';
COMMENT ON COLUMN "SYS_JOB"."MISFIRE_POLICY" IS '计划执行错误策略（1立即执行 2执行一次 3放弃执行）';
COMMENT ON COLUMN "SYS_JOB"."CONCURRENT" IS '是否并发执行（0允许 1禁止）';
COMMENT ON COLUMN "SYS_JOB"."STATUS" IS '状态（0正常 1暂停）';
COMMENT ON COLUMN "SYS_JOB"."CREATE_BY" IS '创建者';
COMMENT ON COLUMN "SYS_JOB"."CREATE_TIME" IS '创建时间';
COMMENT ON COLUMN "SYS_JOB"."UPDATE_BY" IS '更新者';
COMMENT ON COLUMN "SYS_JOB"."UPDATE_TIME" IS '更新时间';
COMMENT ON COLUMN "SYS_JOB"."REMARK" IS '备注信息';
COMMENT ON TABLE "SYS_JOB" IS '定时任务调度表';

-- ----------------------------
-- Records of SYS_JOB
-- ----------------------------
INSERT INTO "SYS_JOB" VALUES ('1', '系统默认（无参）', 'DEFAULT', 'ryTask.ryNoParams', '0/10 * * * * ?', '3', '1', '1', 'admin', TO_DATE('2021-01-17 11:41:19', 'SYYYY-MM-DD HH24:MI:SS'), NULL, NULL, NULL);
INSERT INTO "SYS_JOB" VALUES ('2', '系统默认（有参）', 'DEFAULT', 'ryTask.ryParams(''ry'')', '0/15 * * * * ?', '3', '1', '1', 'admin', TO_DATE('2021-01-17 11:41:19', 'SYYYY-MM-DD HH24:MI:SS'), NULL, NULL, NULL);
INSERT INTO "SYS_JOB" VALUES ('3', '系统默认（多参）', 'DEFAULT', 'ryTask.ryMultipleParams(''ry'', true, 2000L, 316.50D, 100)', '0/20 * * * * ?', '3', '1', '1', 'admin', TO_DATE('2021-01-17 11:41:19', 'SYYYY-MM-DD HH24:MI:SS'), NULL, NULL, NULL);

-- ----------------------------
-- Table structure for SYS_JOB_LOG
-- ----------------------------

CREATE TABLE "SYS_JOB_LOG" (
  "JOB_LOG_ID" NUMBER(20) NOT NULL ,
  "JOB_NAME" VARCHAR2(64 BYTE) NOT NULL ,
  "JOB_GROUP" VARCHAR2(64 BYTE) NOT NULL ,
  "INVOKE_TARGET" VARCHAR2(500 BYTE) NOT NULL ,
  "JOB_MESSAGE" VARCHAR2(500 BYTE) ,
  "STATUS" CHAR(1 BYTE) DEFAULT '0' ,
  "EXCEPTION_INFO" VARCHAR2(2000 BYTE) DEFAULT '' ,
  "CREATE_TIME" DATE
)

LOGGING
NOCOMPRESS
PCTFREE 10
INITRANS 1
STORAGE (
  BUFFER_POOL DEFAULT
)
PARALLEL 1
NOCACHE
DISABLE ROW MOVEMENT
;
COMMENT ON COLUMN "SYS_JOB_LOG"."JOB_LOG_ID" IS '日志主键seq_sys_job_log.nextval';
COMMENT ON COLUMN "SYS_JOB_LOG"."JOB_NAME" IS '任务名称';
COMMENT ON COLUMN "SYS_JOB_LOG"."JOB_GROUP" IS '任务组名';
COMMENT ON COLUMN "SYS_JOB_LOG"."INVOKE_TARGET" IS '调用目标字符串';
COMMENT ON COLUMN "SYS_JOB_LOG"."JOB_MESSAGE" IS '日志信息';
COMMENT ON COLUMN "SYS_JOB_LOG"."STATUS" IS '执行状态（0正常 1失败）';
COMMENT ON COLUMN "SYS_JOB_LOG"."EXCEPTION_INFO" IS '异常信息';
COMMENT ON COLUMN "SYS_JOB_LOG"."CREATE_TIME" IS '创建时间';
COMMENT ON TABLE "SYS_JOB_LOG" IS '定时任务调度日志表';

-- ----------------------------
-- Table structure for SYS_LOGININFOR
-- ----------------------------

CREATE TABLE "SYS_LOGININFOR" (
  "INFO_ID" NUMBER(20) NOT NULL ,
  "LOGIN_NAME" VARCHAR2(50 BYTE) DEFAULT '' ,
  "IPADDR" VARCHAR2(50 BYTE) DEFAULT '' ,
  "LOGIN_LOCATION" VARCHAR2(255 BYTE) DEFAULT '' ,
  "BROWSER" VARCHAR2(50 BYTE) DEFAULT '' ,
  "OS" VARCHAR2(50 BYTE) DEFAULT '' ,
  "STATUS" CHAR(1 BYTE) DEFAULT '0' ,
  "MSG" VARCHAR2(255 BYTE) DEFAULT '' ,
  "LOGIN_TIME" DATE
)

LOGGING
NOCOMPRESS
PCTFREE 10
INITRANS 1
STORAGE (
  INITIAL 65536
  NEXT 1048576
  MINEXTENTS 1
  MAXEXTENTS 2147483645
  BUFFER_POOL DEFAULT
)
PARALLEL 1
NOCACHE
DISABLE ROW MOVEMENT
;
COMMENT ON COLUMN "SYS_LOGININFOR"."INFO_ID" IS '访问主键seq_seq_sys_logininfor.nextval';
COMMENT ON COLUMN "SYS_LOGININFOR"."LOGIN_NAME" IS '登录账号';
COMMENT ON COLUMN "SYS_LOGININFOR"."IPADDR" IS '登录IP地址';
COMMENT ON COLUMN "SYS_LOGININFOR"."LOGIN_LOCATION" IS '登录地点';
COMMENT ON COLUMN "SYS_LOGININFOR"."BROWSER" IS '浏览器类型';
COMMENT ON COLUMN "SYS_LOGININFOR"."OS" IS '操作系统';
COMMENT ON COLUMN "SYS_LOGININFOR"."STATUS" IS '登录状态（0成功 1失败）';
COMMENT ON COLUMN "SYS_LOGININFOR"."MSG" IS '提示消息';
COMMENT ON COLUMN "SYS_LOGININFOR"."LOGIN_TIME" IS '访问时间';
COMMENT ON TABLE "SYS_LOGININFOR" IS '系统访问记录';

-- ----------------------------
-- Records of SYS_LOGININFOR
-- ----------------------------
INSERT INTO "SYS_LOGININFOR" VALUES ('1', 'admin', '127.0.0.1', '内网IP', 'Chrome 8', 'Windows 7', '0', '登录成功', TO_DATE('2021-01-20 16:23:16', 'SYYYY-MM-DD HH24:MI:SS'));
INSERT INTO "SYS_LOGININFOR" VALUES ('4', 'admin', '127.0.0.1', '内网IP', 'Chrome 8', 'Windows 10', '0', '登录成功', TO_DATE('2021-01-20 17:06:45', 'SYYYY-MM-DD HH24:MI:SS'));
INSERT INTO "SYS_LOGININFOR" VALUES ('14', 'ry', '127.0.0.1', '内网IP', 'Chrome 8', 'Windows 10', '1', '验证码错误', TO_DATE('2021-01-20 17:17:26', 'SYYYY-MM-DD HH24:MI:SS'));
INSERT INTO "SYS_LOGININFOR" VALUES ('15', 'ry', '127.0.0.1', '内网IP', 'Chrome 8', 'Windows 10', '1', '验证码错误', TO_DATE('2021-01-20 17:18:37', 'SYYYY-MM-DD HH24:MI:SS'));
INSERT INTO "SYS_LOGININFOR" VALUES ('27', 'admin', '127.0.0.1', '内网IP', 'Chrome 8', 'Windows 10', '0', '登录成功', TO_DATE('2021-01-20 17:36:04', 'SYYYY-MM-DD HH24:MI:SS'));
INSERT INTO "SYS_LOGININFOR" VALUES ('29', 'test1', '127.0.0.1', '内网IP', 'Chrome 8', 'Windows 10', '0', '登录成功', TO_DATE('2021-01-20 17:36:24', 'SYYYY-MM-DD HH24:MI:SS'));
INSERT INTO "SYS_LOGININFOR" VALUES ('31', 'test1', '127.0.0.1', '内网IP', 'Chrome 8', 'Windows 10', '0', '登录成功', TO_DATE('2021-01-20 17:37:26', 'SYYYY-MM-DD HH24:MI:SS'));
INSERT INTO "SYS_LOGININFOR" VALUES ('34', 'test1', '127.0.0.1', '内网IP', 'Chrome 8', 'Windows 10', '0', '登录成功', TO_DATE('2021-01-20 17:42:03', 'SYYYY-MM-DD HH24:MI:SS'));
INSERT INTO "SYS_LOGININFOR" VALUES ('5', 'admin', '127.0.0.1', '内网IP', 'Chrome 8', 'Windows 10', '0', '退出成功', TO_DATE('2021-01-20 17:07:08', 'SYYYY-MM-DD HH24:MI:SS'));
INSERT INTO "SYS_LOGININFOR" VALUES ('6', 'ry', '127.0.0.1', '内网IP', 'Chrome 8', 'Windows 10', '1', '密码输入错误1次', TO_DATE('2021-01-20 17:07:19', 'SYYYY-MM-DD HH24:MI:SS'));
INSERT INTO "SYS_LOGININFOR" VALUES ('7', 'ry', '127.0.0.1', '内网IP', 'Chrome 8', 'Windows 10', '1', '密码输入错误2次', TO_DATE('2021-01-20 17:08:15', 'SYYYY-MM-DD HH24:MI:SS'));
INSERT INTO "SYS_LOGININFOR" VALUES ('8', 'ry', '127.0.0.1', '内网IP', 'Chrome 8', 'Windows 10', '1', '验证码错误', TO_DATE('2021-01-20 17:08:20', 'SYYYY-MM-DD HH24:MI:SS'));
INSERT INTO "SYS_LOGININFOR" VALUES ('9', 'ry', '127.0.0.1', '内网IP', 'Chrome 8', 'Windows 10', '1', '密码输入错误3次', TO_DATE('2021-01-20 17:08:23', 'SYYYY-MM-DD HH24:MI:SS'));
INSERT INTO "SYS_LOGININFOR" VALUES ('10', 'admin', '127.0.0.1', '内网IP', 'Chrome 8', 'Windows 10', '0', '登录成功', TO_DATE('2021-01-20 17:11:56', 'SYYYY-MM-DD HH24:MI:SS'));
INSERT INTO "SYS_LOGININFOR" VALUES ('12', 'ry', '127.0.0.1', '内网IP', 'Chrome 8', 'Windows 10', '1', '密码输入错误2次', TO_DATE('2021-01-20 17:14:37', 'SYYYY-MM-DD HH24:MI:SS'));
INSERT INTO "SYS_LOGININFOR" VALUES ('17', 'admin', '127.0.0.1', '内网IP', 'Chrome 8', 'Windows 7', '0', '登录成功', TO_DATE('2021-01-20 17:24:03', 'SYYYY-MM-DD HH24:MI:SS'));
INSERT INTO "SYS_LOGININFOR" VALUES ('21', 'admin', '127.0.0.1', '内网IP', 'Chrome 8', 'Windows 7', '0', '退出成功', TO_DATE('2021-01-20 17:26:14', 'SYYYY-MM-DD HH24:MI:SS'));
INSERT INTO "SYS_LOGININFOR" VALUES ('23', 'test1', '127.0.0.1', '内网IP', 'Chrome 8', 'Windows 7', '0', '退出成功', TO_DATE('2021-01-20 17:27:50', 'SYYYY-MM-DD HH24:MI:SS'));
INSERT INTO "SYS_LOGININFOR" VALUES ('24', 'admin', '127.0.0.1', '内网IP', 'Chrome 8', 'Windows 7', '0', '登录成功', TO_DATE('2021-01-20 17:27:54', 'SYYYY-MM-DD HH24:MI:SS'));
INSERT INTO "SYS_LOGININFOR" VALUES ('25', 'admin', '127.0.0.1', '内网IP', 'Chrome 8', 'Windows 7', '0', '退出成功', TO_DATE('2021-01-20 17:28:20', 'SYYYY-MM-DD HH24:MI:SS'));
INSERT INTO "SYS_LOGININFOR" VALUES ('26', 'test1', '127.0.0.1', '内网IP', 'Chrome 8', 'Windows 7', '0', '登录成功', TO_DATE('2021-01-20 17:28:27', 'SYYYY-MM-DD HH24:MI:SS'));
INSERT INTO "SYS_LOGININFOR" VALUES ('28', 'admin', '127.0.0.1', '内网IP', 'Chrome 8', 'Windows 10', '0', '退出成功', TO_DATE('2021-01-20 17:36:11', 'SYYYY-MM-DD HH24:MI:SS'));
INSERT INTO "SYS_LOGININFOR" VALUES ('30', 'test1', '127.0.0.1', '内网IP', 'Chrome 8', 'Windows 10', '0', '退出成功', TO_DATE('2021-01-20 17:37:00', 'SYYYY-MM-DD HH24:MI:SS'));
INSERT INTO "SYS_LOGININFOR" VALUES ('32', 'admin', '127.0.0.1', '内网IP', 'Chrome 8', 'Windows 10', '0', '登录成功', TO_DATE('2021-01-20 17:41:42', 'SYYYY-MM-DD HH24:MI:SS'));
INSERT INTO "SYS_LOGININFOR" VALUES ('33', 'admin', '127.0.0.1', '内网IP', 'Chrome 8', 'Windows 10', '0', '退出成功', TO_DATE('2021-01-20 17:41:46', 'SYYYY-MM-DD HH24:MI:SS'));
INSERT INTO "SYS_LOGININFOR" VALUES ('2', 'admin', '127.0.0.1', '内网IP', 'Chrome 8', 'Windows 10', '1', '验证码错误', TO_DATE('2021-01-20 16:35:13', 'SYYYY-MM-DD HH24:MI:SS'));
INSERT INTO "SYS_LOGININFOR" VALUES ('3', 'admin', '127.0.0.1', '内网IP', 'Chrome 8', 'Windows 10', '0', '登录成功', TO_DATE('2021-01-20 16:35:17', 'SYYYY-MM-DD HH24:MI:SS'));
INSERT INTO "SYS_LOGININFOR" VALUES ('11', 'ry', '127.0.0.1', '内网IP', 'Chrome 8', 'Windows 10', '1', '密码输入错误1次', TO_DATE('2021-01-20 17:13:56', 'SYYYY-MM-DD HH24:MI:SS'));
INSERT INTO "SYS_LOGININFOR" VALUES ('13', 'ry', '127.0.0.1', '内网IP', 'Chrome 8', 'Windows 10', '1', '密码输入错误3次', TO_DATE('2021-01-20 17:16:26', 'SYYYY-MM-DD HH24:MI:SS'));
INSERT INTO "SYS_LOGININFOR" VALUES ('16', 'ry', '127.0.0.1', '内网IP', 'Chrome 8', 'Windows 10', '1', '密码输入错误4次', TO_DATE('2021-01-20 17:19:32', 'SYYYY-MM-DD HH24:MI:SS'));
INSERT INTO "SYS_LOGININFOR" VALUES ('18', 'admin', '127.0.0.1', '内网IP', 'Chrome 8', 'Windows 7', '0', '退出成功', TO_DATE('2021-01-20 17:25:47', 'SYYYY-MM-DD HH24:MI:SS'));
INSERT INTO "SYS_LOGININFOR" VALUES ('19', 'test1', '127.0.0.1', '内网IP', 'Chrome 8', 'Windows 7', '1', '用户已封禁，请联系管理员', TO_DATE('2021-01-20 17:25:53', 'SYYYY-MM-DD HH24:MI:SS'));
INSERT INTO "SYS_LOGININFOR" VALUES ('20', 'admin', '127.0.0.1', '内网IP', 'Chrome 8', 'Windows 7', '0', '登录成功', TO_DATE('2021-01-20 17:26:03', 'SYYYY-MM-DD HH24:MI:SS'));
INSERT INTO "SYS_LOGININFOR" VALUES ('22', 'test1', '127.0.0.1', '内网IP', 'Chrome 8', 'Windows 7', '0', '登录成功', TO_DATE('2021-01-20 17:26:24', 'SYYYY-MM-DD HH24:MI:SS'));

-- ----------------------------
-- Table structure for SYS_MENU
-- ----------------------------

CREATE TABLE "SYS_MENU" (
  "MENU_ID" NUMBER(20) NOT NULL ,
  "MENU_NAME" VARCHAR2(50 BYTE) NOT NULL ,
  "PARENT_ID" NUMBER(20) DEFAULT 0 ,
  "ORDER_NUM" NUMBER(4) DEFAULT 0 ,
  "URL" VARCHAR2(200 BYTE) DEFAULT '#' ,
  "TARGET" VARCHAR2(20 BYTE) DEFAULT '' ,
  "MENU_TYPE" CHAR(1 BYTE) DEFAULT '' ,
  "VISIBLE" CHAR(1 BYTE) DEFAULT 0 ,
  "IS_REFRESH" CHAR(1 BYTE) DEFAULT 1 ,
  "PERMS" VARCHAR2(100 BYTE) DEFAULT NULL ,
  "ICON" VARCHAR2(100 BYTE) DEFAULT '#' ,
  "CREATE_BY" VARCHAR2(64 BYTE) DEFAULT '' ,
  "CREATE_TIME" DATE ,
  "UPDATE_BY" VARCHAR2(64 BYTE) DEFAULT '' ,
  "UPDATE_TIME" DATE ,
  "REMARK" VARCHAR2(500 BYTE) DEFAULT ''
)

LOGGING
NOCOMPRESS
PCTFREE 10
INITRANS 1
STORAGE (
  INITIAL 65536
  NEXT 1048576
  MINEXTENTS 1
  MAXEXTENTS 2147483645
  BUFFER_POOL DEFAULT
)
PARALLEL 1
NOCACHE
DISABLE ROW MOVEMENT
;
COMMENT ON COLUMN "SYS_MENU"."MENU_ID" IS '菜单主键seq_sys_post.nextval';
COMMENT ON COLUMN "SYS_MENU"."MENU_NAME" IS '菜单名称';
COMMENT ON COLUMN "SYS_MENU"."PARENT_ID" IS '父菜单ID';
COMMENT ON COLUMN "SYS_MENU"."ORDER_NUM" IS '显示顺序';
COMMENT ON COLUMN "SYS_MENU"."URL" IS '请求地址';
COMMENT ON COLUMN "SYS_MENU"."TARGET" IS '打开方式（menuItem页签 menuBlank新窗口）';
COMMENT ON COLUMN "SYS_MENU"."MENU_TYPE" IS '菜单类型（M目录 C菜单 F按钮）';
COMMENT ON COLUMN "SYS_MENU"."VISIBLE" IS '菜单状态（0显示 1隐藏）';
COMMENT ON COLUMN "SYS_MENU"."IS_REFRESH" IS '是否刷新（0刷新 1不刷新）';
COMMENT ON COLUMN "SYS_MENU"."PERMS" IS '权限标识';
COMMENT ON COLUMN "SYS_MENU"."ICON" IS '菜单图标';
COMMENT ON COLUMN "SYS_MENU"."CREATE_BY" IS '创建者';
COMMENT ON COLUMN "SYS_MENU"."CREATE_TIME" IS '创建时间';
COMMENT ON COLUMN "SYS_MENU"."UPDATE_BY" IS '更新者';
COMMENT ON COLUMN "SYS_MENU"."UPDATE_TIME" IS '更新时间';
COMMENT ON COLUMN "SYS_MENU"."REMARK" IS '备注';
COMMENT ON TABLE "SYS_MENU" IS '菜单权限表';

-- ----------------------------
-- Records of SYS_MENU
-- ----------------------------
INSERT INTO "SYS_MENU" VALUES ('2001', '站点管理', '1', '1', '/system/site', NULL, 'C', '0', '1', 'system:site:view', '#', 'admin', TO_DATE('2021-01-17 16:51:59', 'SYYYY-MM-DD HH24:MI:SS'), NULL, NULL, NULL);
INSERT INTO "SYS_MENU" VALUES ('1', '系统管理', '0', '1', '#', NULL, 'M', '0', '1', NULL, 'fa fa-gear', 'admin', TO_DATE('2021-01-17 11:41:14', 'SYYYY-MM-DD HH24:MI:SS'), NULL, NULL, '系统管理目录');
INSERT INTO "SYS_MENU" VALUES ('2', '系统监控', '0', '2', '#', NULL, 'M', '0', '1', NULL, 'fa fa-video-camera', 'admin', TO_DATE('2021-01-17 11:41:14', 'SYYYY-MM-DD HH24:MI:SS'), NULL, NULL, '系统监控目录');
INSERT INTO "SYS_MENU" VALUES ('3', '系统工具', '0', '3', '#', NULL, 'M', '0', '1', NULL, 'fa fa-bars', 'admin', TO_DATE('2021-01-17 11:41:14', 'SYYYY-MM-DD HH24:MI:SS'), NULL, NULL, '系统工具目录');
INSERT INTO "SYS_MENU" VALUES ('4', '若依官网', '0', '4', 'http://ruoyi.vip', 'menuBlank', 'C', '1', '1', NULL, 'fa fa-location-arrow', 'admin', TO_DATE('2021-01-17 11:41:14', 'SYYYY-MM-DD HH24:MI:SS'), 'admin', TO_DATE('2021-01-19 16:52:16', 'SYYYY-MM-DD HH24:MI:SS'), '若依官网地址');
INSERT INTO "SYS_MENU" VALUES ('100', '用户管理', '1', '1', '/system/user', NULL, 'C', '0', '1', 'system:user:view', 'fa fa-user-o', 'admin', TO_DATE('2021-01-17 11:41:14', 'SYYYY-MM-DD HH24:MI:SS'), NULL, NULL, '用户管理菜单');
INSERT INTO "SYS_MENU" VALUES ('101', '角色管理', '1', '2', '/system/role', NULL, 'C', '0', '1', 'system:role:view', 'fa fa-user-secret', 'admin', TO_DATE('2021-01-17 11:41:14', 'SYYYY-MM-DD HH24:MI:SS'), NULL, NULL, '角色管理菜单');
INSERT INTO "SYS_MENU" VALUES ('102', '菜单管理', '1', '3', '/system/menu', NULL, 'C', '0', '1', 'system:menu:view', 'fa fa-th-list', 'admin', TO_DATE('2021-01-17 11:41:14', 'SYYYY-MM-DD HH24:MI:SS'), NULL, NULL, '菜单管理菜单');
INSERT INTO "SYS_MENU" VALUES ('103', '部门管理', '1', '4', '/system/dept', NULL, 'C', '0', '1', 'system:dept:view', 'fa fa-outdent', 'admin', TO_DATE('2021-01-17 11:41:14', 'SYYYY-MM-DD HH24:MI:SS'), NULL, NULL, '部门管理菜单');
INSERT INTO "SYS_MENU" VALUES ('104', '岗位管理', '1', '5', '/system/post', NULL, 'C', '0', '1', 'system:post:view', 'fa fa-address-card-o', 'admin', TO_DATE('2021-01-17 11:41:14', 'SYYYY-MM-DD HH24:MI:SS'), NULL, NULL, '岗位管理菜单');
INSERT INTO "SYS_MENU" VALUES ('105', '字典管理', '1', '6', '/system/dict', NULL, 'C', '0', '1', 'system:dict:view', 'fa fa-bookmark-o', 'admin', TO_DATE('2021-01-17 11:41:14', 'SYYYY-MM-DD HH24:MI:SS'), NULL, NULL, '字典管理菜单');
INSERT INTO "SYS_MENU" VALUES ('106', '参数设置', '1', '7', '/system/config', NULL, 'C', '0', '1', 'system:config:view', 'fa fa-sun-o', 'admin', TO_DATE('2021-01-17 11:41:14', 'SYYYY-MM-DD HH24:MI:SS'), NULL, NULL, '参数设置菜单');
INSERT INTO "SYS_MENU" VALUES ('107', '通知公告', '1', '8', '/system/notice', NULL, 'C', '0', '1', 'system:notice:view', 'fa fa-bullhorn', 'admin', TO_DATE('2021-01-17 11:41:14', 'SYYYY-MM-DD HH24:MI:SS'), NULL, NULL, '通知公告菜单');
INSERT INTO "SYS_MENU" VALUES ('108', '日志管理', '1', '9', '#', NULL, 'M', '0', '1', NULL, 'fa fa-pencil-square-o', 'admin', TO_DATE('2021-01-17 11:41:15', 'SYYYY-MM-DD HH24:MI:SS'), NULL, NULL, '日志管理菜单');
INSERT INTO "SYS_MENU" VALUES ('109', '在线用户', '2', '1', '/monitor/online', NULL, 'C', '0', '1', 'monitor:online:view', 'fa fa-user-circle', 'admin', TO_DATE('2021-01-17 11:41:15', 'SYYYY-MM-DD HH24:MI:SS'), NULL, NULL, '在线用户菜单');
INSERT INTO "SYS_MENU" VALUES ('110', '定时任务', '2', '2', '/monitor/job', NULL, 'C', '0', '1', 'monitor:job:view', 'fa fa-tasks', 'admin', TO_DATE('2021-01-17 11:41:15', 'SYYYY-MM-DD HH24:MI:SS'), NULL, NULL, '定时任务菜单');
INSERT INTO "SYS_MENU" VALUES ('111', '数据监控', '2', '3', '/monitor/data', NULL, 'C', '0', '1', 'monitor:data:view', 'fa fa-bug', 'admin', TO_DATE('2021-01-17 11:41:15', 'SYYYY-MM-DD HH24:MI:SS'), NULL, NULL, '数据监控菜单');
INSERT INTO "SYS_MENU" VALUES ('112', '服务监控', '2', '4', '/monitor/server', NULL, 'C', '0', '1', 'monitor:server:view', 'fa fa-server', 'admin', TO_DATE('2021-01-17 11:41:15', 'SYYYY-MM-DD HH24:MI:SS'), NULL, NULL, '服务监控菜单');
INSERT INTO "SYS_MENU" VALUES ('113', '缓存监控', '2', '5', '/monitor/cache', NULL, 'C', '0', '1', 'monitor:cache:view', 'fa fa-cube', 'admin', TO_DATE('2021-01-17 11:41:15', 'SYYYY-MM-DD HH24:MI:SS'), NULL, NULL, '缓存监控菜单');
INSERT INTO "SYS_MENU" VALUES ('114', '表单构建', '3', '1', '/tool/build', NULL, 'C', '1', '1', 'tool:build:view', 'fa fa-wpforms', 'admin', TO_DATE('2021-01-17 11:41:15', 'SYYYY-MM-DD HH24:MI:SS'), 'admin', TO_DATE('2021-01-19 17:17:29', 'SYYYY-MM-DD HH24:MI:SS'), '表单构建菜单');
INSERT INTO "SYS_MENU" VALUES ('115', '代码生成', '3', '2', '/tool/gen', NULL, 'C', '0', '1', 'tool:gen:view', 'fa fa-code', 'admin', TO_DATE('2021-01-17 11:41:15', 'SYYYY-MM-DD HH24:MI:SS'), NULL, NULL, '代码生成菜单');
INSERT INTO "SYS_MENU" VALUES ('116', '系统接口', '3', '3', '/tool/swagger', NULL, 'C', '0', '1', 'tool:swagger:view', 'fa fa-gg', 'admin', TO_DATE('2021-01-17 11:41:15', 'SYYYY-MM-DD HH24:MI:SS'), NULL, NULL, '系统接口菜单');
INSERT INTO "SYS_MENU" VALUES ('500', '操作日志', '108', '1', '/monitor/operlog', NULL, 'C', '0', '1', 'monitor:operlog:view', 'fa fa-address-book', 'admin', TO_DATE('2021-01-17 11:41:15', 'SYYYY-MM-DD HH24:MI:SS'), NULL, NULL, '操作日志菜单');
INSERT INTO "SYS_MENU" VALUES ('501', '登录日志', '108', '2', '/monitor/logininfor', NULL, 'C', '0', '1', 'monitor:logininfor:view', 'fa fa-file-image-o', 'admin', TO_DATE('2021-01-17 11:41:15', 'SYYYY-MM-DD HH24:MI:SS'), NULL, NULL, '登录日志菜单');
INSERT INTO "SYS_MENU" VALUES ('1000', '用户查询', '100', '1', '#', NULL, 'F', '0', '1', 'system:user:list', '#', 'admin', TO_DATE('2021-01-17 11:41:15', 'SYYYY-MM-DD HH24:MI:SS'), NULL, NULL, NULL);
INSERT INTO "SYS_MENU" VALUES ('1001', '用户新增', '100', '2', '#', NULL, 'F', '0', '1', 'system:user:add', '#', 'admin', TO_DATE('2021-01-17 11:41:15', 'SYYYY-MM-DD HH24:MI:SS'), NULL, NULL, NULL);
INSERT INTO "SYS_MENU" VALUES ('1002', '用户修改', '100', '3', '#', NULL, 'F', '0', '1', 'system:user:edit', '#', 'admin', TO_DATE('2021-01-17 11:41:15', 'SYYYY-MM-DD HH24:MI:SS'), NULL, NULL, NULL);
INSERT INTO "SYS_MENU" VALUES ('1003', '用户删除', '100', '4', '#', NULL, 'F', '0', '1', 'system:user:remove', '#', 'admin', TO_DATE('2021-01-17 11:41:15', 'SYYYY-MM-DD HH24:MI:SS'), NULL, NULL, NULL);
INSERT INTO "SYS_MENU" VALUES ('1004', '用户导出', '100', '5', '#', NULL, 'F', '0', '1', 'system:user:export', '#', 'admin', TO_DATE('2021-01-17 11:41:15', 'SYYYY-MM-DD HH24:MI:SS'), NULL, NULL, NULL);
INSERT INTO "SYS_MENU" VALUES ('1005', '用户导入', '100', '6', '#', NULL, 'F', '0', '1', 'system:user:import', '#', 'admin', TO_DATE('2021-01-17 11:41:15', 'SYYYY-MM-DD HH24:MI:SS'), NULL, NULL, NULL);
INSERT INTO "SYS_MENU" VALUES ('1006', '重置密码', '100', '7', '#', NULL, 'F', '0', '1', 'system:user:resetPwd', '#', 'admin', TO_DATE('2021-01-17 11:41:15', 'SYYYY-MM-DD HH24:MI:SS'), NULL, NULL, NULL);
INSERT INTO "SYS_MENU" VALUES ('1007', '角色查询', '101', '1', '#', NULL, 'F', '0', '1', 'system:role:list', '#', 'admin', TO_DATE('2021-01-17 11:41:15', 'SYYYY-MM-DD HH24:MI:SS'), NULL, NULL, NULL);
INSERT INTO "SYS_MENU" VALUES ('1008', '角色新增', '101', '2', '#', NULL, 'F', '0', '1', 'system:role:add', '#', 'admin', TO_DATE('2021-01-17 11:41:15', 'SYYYY-MM-DD HH24:MI:SS'), NULL, NULL, NULL);
INSERT INTO "SYS_MENU" VALUES ('1009', '角色修改', '101', '3', '#', NULL, 'F', '0', '1', 'system:role:edit', '#', 'admin', TO_DATE('2021-01-17 11:41:15', 'SYYYY-MM-DD HH24:MI:SS'), NULL, NULL, NULL);
INSERT INTO "SYS_MENU" VALUES ('1010', '角色删除', '101', '4', '#', NULL, 'F', '0', '1', 'system:role:remove', '#', 'admin', TO_DATE('2021-01-17 11:41:15', 'SYYYY-MM-DD HH24:MI:SS'), NULL, NULL, NULL);
INSERT INTO "SYS_MENU" VALUES ('1011', '角色导出', '101', '5', '#', NULL, 'F', '0', '1', 'system:role:export', '#', 'admin', TO_DATE('2021-01-17 11:41:15', 'SYYYY-MM-DD HH24:MI:SS'), NULL, NULL, NULL);
INSERT INTO "SYS_MENU" VALUES ('1012', '菜单查询', '102', '1', '#', NULL, 'F', '0', '1', 'system:menu:list', '#', 'admin', TO_DATE('2021-01-17 11:41:15', 'SYYYY-MM-DD HH24:MI:SS'), NULL, NULL, NULL);
INSERT INTO "SYS_MENU" VALUES ('1013', '菜单新增', '102', '2', '#', NULL, 'F', '0', '1', 'system:menu:add', '#', 'admin', TO_DATE('2021-01-17 11:41:15', 'SYYYY-MM-DD HH24:MI:SS'), NULL, NULL, NULL);
INSERT INTO "SYS_MENU" VALUES ('1014', '菜单修改', '102', '3', '#', NULL, 'F', '0', '1', 'system:menu:edit', '#', 'admin', TO_DATE('2021-01-17 11:41:15', 'SYYYY-MM-DD HH24:MI:SS'), NULL, NULL, NULL);
INSERT INTO "SYS_MENU" VALUES ('1015', '菜单删除', '102', '4', '#', NULL, 'F', '0', '1', 'system:menu:remove', '#', 'admin', TO_DATE('2021-01-17 11:41:15', 'SYYYY-MM-DD HH24:MI:SS'), NULL, NULL, NULL);
INSERT INTO "SYS_MENU" VALUES ('1016', '部门查询', '103', '1', '#', NULL, 'F', '0', '1', 'system:dept:list', '#', 'admin', TO_DATE('2021-01-17 11:41:15', 'SYYYY-MM-DD HH24:MI:SS'), NULL, NULL, NULL);
INSERT INTO "SYS_MENU" VALUES ('1017', '部门新增', '103', '2', '#', NULL, 'F', '0', '1', 'system:dept:add', '#', 'admin', TO_DATE('2021-01-17 11:41:15', 'SYYYY-MM-DD HH24:MI:SS'), NULL, NULL, NULL);
INSERT INTO "SYS_MENU" VALUES ('1018', '部门修改', '103', '3', '#', NULL, 'F', '0', '1', 'system:dept:edit', '#', 'admin', TO_DATE('2021-01-17 11:41:15', 'SYYYY-MM-DD HH24:MI:SS'), NULL, NULL, NULL);
INSERT INTO "SYS_MENU" VALUES ('1019', '部门删除', '103', '4', '#', NULL, 'F', '0', '1', 'system:dept:remove', '#', 'admin', TO_DATE('2021-01-17 11:41:15', 'SYYYY-MM-DD HH24:MI:SS'), NULL, NULL, NULL);
INSERT INTO "SYS_MENU" VALUES ('1020', '岗位查询', '104', '1', '#', NULL, 'F', '0', '1', 'system:post:list', '#', 'admin', TO_DATE('2021-01-17 11:41:15', 'SYYYY-MM-DD HH24:MI:SS'), NULL, NULL, NULL);
INSERT INTO "SYS_MENU" VALUES ('1021', '岗位新增', '104', '2', '#', NULL, 'F', '0', '1', 'system:post:add', '#', 'admin', TO_DATE('2021-01-17 11:41:15', 'SYYYY-MM-DD HH24:MI:SS'), NULL, NULL, NULL);
INSERT INTO "SYS_MENU" VALUES ('1022', '岗位修改', '104', '3', '#', NULL, 'F', '0', '1', 'system:post:edit', '#', 'admin', TO_DATE('2021-01-17 11:41:15', 'SYYYY-MM-DD HH24:MI:SS'), NULL, NULL, NULL);
INSERT INTO "SYS_MENU" VALUES ('1023', '岗位删除', '104', '4', '#', NULL, 'F', '0', '1', 'system:post:remove', '#', 'admin', TO_DATE('2021-01-17 11:41:15', 'SYYYY-MM-DD HH24:MI:SS'), NULL, NULL, NULL);
INSERT INTO "SYS_MENU" VALUES ('1024', '岗位导出', '104', '5', '#', NULL, 'F', '0', '1', 'system:post:export', '#', 'admin', TO_DATE('2021-01-17 11:41:15', 'SYYYY-MM-DD HH24:MI:SS'), NULL, NULL, NULL);
INSERT INTO "SYS_MENU" VALUES ('1025', '字典查询', '105', '1', '#', NULL, 'F', '0', '1', 'system:dict:list', '#', 'admin', TO_DATE('2021-01-17 11:41:15', 'SYYYY-MM-DD HH24:MI:SS'), NULL, NULL, NULL);
INSERT INTO "SYS_MENU" VALUES ('1026', '字典新增', '105', '2', '#', NULL, 'F', '0', '1', 'system:dict:add', '#', 'admin', TO_DATE('2021-01-17 11:41:15', 'SYYYY-MM-DD HH24:MI:SS'), NULL, NULL, NULL);
INSERT INTO "SYS_MENU" VALUES ('1027', '字典修改', '105', '3', '#', NULL, 'F', '0', '1', 'system:dict:edit', '#', 'admin', TO_DATE('2021-01-17 11:41:15', 'SYYYY-MM-DD HH24:MI:SS'), NULL, NULL, NULL);
INSERT INTO "SYS_MENU" VALUES ('1028', '字典删除', '105', '4', '#', NULL, 'F', '0', '1', 'system:dict:remove', '#', 'admin', TO_DATE('2021-01-17 11:41:15', 'SYYYY-MM-DD HH24:MI:SS'), NULL, NULL, NULL);
INSERT INTO "SYS_MENU" VALUES ('1029', '字典导出', '105', '5', '#', NULL, 'F', '0', '1', 'system:dict:export', '#', 'admin', TO_DATE('2021-01-17 11:41:15', 'SYYYY-MM-DD HH24:MI:SS'), NULL, NULL, NULL);
INSERT INTO "SYS_MENU" VALUES ('1030', '参数查询', '106', '1', '#', NULL, 'F', '0', '1', 'system:config:list', '#', 'admin', TO_DATE('2021-01-17 11:41:15', 'SYYYY-MM-DD HH24:MI:SS'), NULL, NULL, NULL);
INSERT INTO "SYS_MENU" VALUES ('1031', '参数新增', '106', '2', '#', NULL, 'F', '0', '1', 'system:config:add', '#', 'admin', TO_DATE('2021-01-17 11:41:15', 'SYYYY-MM-DD HH24:MI:SS'), NULL, NULL, NULL);
INSERT INTO "SYS_MENU" VALUES ('1032', '参数修改', '106', '3', '#', NULL, 'F', '0', '1', 'system:config:edit', '#', 'admin', TO_DATE('2021-01-17 11:41:15', 'SYYYY-MM-DD HH24:MI:SS'), NULL, NULL, NULL);
INSERT INTO "SYS_MENU" VALUES ('1033', '参数删除', '106', '4', '#', NULL, 'F', '0', '1', 'system:config:remove', '#', 'admin', TO_DATE('2021-01-17 11:41:15', 'SYYYY-MM-DD HH24:MI:SS'), NULL, NULL, NULL);
INSERT INTO "SYS_MENU" VALUES ('1034', '参数导出', '106', '5', '#', NULL, 'F', '0', '1', 'system:config:export', '#', 'admin', TO_DATE('2021-01-17 11:41:15', 'SYYYY-MM-DD HH24:MI:SS'), NULL, NULL, NULL);
INSERT INTO "SYS_MENU" VALUES ('1035', '公告查询', '107', '1', '#', NULL, 'F', '0', '1', 'system:notice:list', '#', 'admin', TO_DATE('2021-01-17 11:41:15', 'SYYYY-MM-DD HH24:MI:SS'), NULL, NULL, NULL);
INSERT INTO "SYS_MENU" VALUES ('1036', '公告新增', '107', '2', '#', NULL, 'F', '0', '1', 'system:notice:add', '#', 'admin', TO_DATE('2021-01-17 11:41:15', 'SYYYY-MM-DD HH24:MI:SS'), NULL, NULL, NULL);
INSERT INTO "SYS_MENU" VALUES ('1037', '公告修改', '107', '3', '#', NULL, 'F', '0', '1', 'system:notice:edit', '#', 'admin', TO_DATE('2021-01-17 11:41:15', 'SYYYY-MM-DD HH24:MI:SS'), NULL, NULL, NULL);
INSERT INTO "SYS_MENU" VALUES ('1038', '公告删除', '107', '4', '#', NULL, 'F', '0', '1', 'system:notice:remove', '#', 'admin', TO_DATE('2021-01-17 11:41:15', 'SYYYY-MM-DD HH24:MI:SS'), NULL, NULL, NULL);
INSERT INTO "SYS_MENU" VALUES ('1039', '操作查询', '500', '1', '#', NULL, 'F', '0', '1', 'monitor:operlog:list', '#', 'admin', TO_DATE('2021-01-17 11:41:15', 'SYYYY-MM-DD HH24:MI:SS'), NULL, NULL, NULL);
INSERT INTO "SYS_MENU" VALUES ('1040', '操作删除', '500', '2', '#', NULL, 'F', '0', '1', 'monitor:operlog:remove', '#', 'admin', TO_DATE('2021-01-17 11:41:15', 'SYYYY-MM-DD HH24:MI:SS'), NULL, NULL, NULL);
INSERT INTO "SYS_MENU" VALUES ('1041', '详细信息', '500', '3', '#', NULL, 'F', '0', '1', 'monitor:operlog:detail', '#', 'admin', TO_DATE('2021-01-17 11:41:15', 'SYYYY-MM-DD HH24:MI:SS'), NULL, NULL, NULL);
INSERT INTO "SYS_MENU" VALUES ('1042', '日志导出', '500', '4', '#', NULL, 'F', '0', '1', 'monitor:operlog:export', '#', 'admin', TO_DATE('2021-01-17 11:41:15', 'SYYYY-MM-DD HH24:MI:SS'), NULL, NULL, NULL);
INSERT INTO "SYS_MENU" VALUES ('1043', '登录查询', '501', '1', '#', NULL, 'F', '0', '1', 'monitor:logininfor:list', '#', 'admin', TO_DATE('2021-01-17 11:41:15', 'SYYYY-MM-DD HH24:MI:SS'), NULL, NULL, NULL);
INSERT INTO "SYS_MENU" VALUES ('1044', '登录删除', '501', '2', '#', NULL, 'F', '0', '1', 'monitor:logininfor:remove', '#', 'admin', TO_DATE('2021-01-17 11:41:15', 'SYYYY-MM-DD HH24:MI:SS'), NULL, NULL, NULL);
INSERT INTO "SYS_MENU" VALUES ('1045', '日志导出', '501', '3', '#', NULL, 'F', '0', '1', 'monitor:logininfor:export', '#', 'admin', TO_DATE('2021-01-17 11:41:15', 'SYYYY-MM-DD HH24:MI:SS'), NULL, NULL, NULL);
INSERT INTO "SYS_MENU" VALUES ('1046', '账户解锁', '501', '4', '#', NULL, 'F', '0', '1', 'monitor:logininfor:unlock', '#', 'admin', TO_DATE('2021-01-17 11:41:15', 'SYYYY-MM-DD HH24:MI:SS'), NULL, NULL, NULL);
INSERT INTO "SYS_MENU" VALUES ('1047', '在线查询', '109', '1', '#', NULL, 'F', '0', '1', 'monitor:online:list', '#', 'admin', TO_DATE('2021-01-17 11:41:15', 'SYYYY-MM-DD HH24:MI:SS'), NULL, NULL, NULL);
INSERT INTO "SYS_MENU" VALUES ('1048', '批量强退', '109', '2', '#', NULL, 'F', '0', '1', 'monitor:online:batchForceLogout', '#', 'admin', TO_DATE('2021-01-17 11:41:15', 'SYYYY-MM-DD HH24:MI:SS'), NULL, NULL, NULL);
INSERT INTO "SYS_MENU" VALUES ('1049', '单条强退', '109', '3', '#', NULL, 'F', '0', '1', 'monitor:online:forceLogout', '#', 'admin', TO_DATE('2021-01-17 11:41:15', 'SYYYY-MM-DD HH24:MI:SS'), NULL, NULL, NULL);
INSERT INTO "SYS_MENU" VALUES ('1050', '任务查询', '110', '1', '#', NULL, 'F', '0', '1', 'monitor:job:list', '#', 'admin', TO_DATE('2021-01-17 11:41:15', 'SYYYY-MM-DD HH24:MI:SS'), NULL, NULL, NULL);
INSERT INTO "SYS_MENU" VALUES ('1051', '任务新增', '110', '2', '#', NULL, 'F', '0', '1', 'monitor:job:add', '#', 'admin', TO_DATE('2021-01-17 11:41:15', 'SYYYY-MM-DD HH24:MI:SS'), NULL, NULL, NULL);
INSERT INTO "SYS_MENU" VALUES ('1052', '任务修改', '110', '3', '#', NULL, 'F', '0', '1', 'monitor:job:edit', '#', 'admin', TO_DATE('2021-01-17 11:41:15', 'SYYYY-MM-DD HH24:MI:SS'), NULL, NULL, NULL);
INSERT INTO "SYS_MENU" VALUES ('1053', '任务删除', '110', '4', '#', NULL, 'F', '0', '1', 'monitor:job:remove', '#', 'admin', TO_DATE('2021-01-17 11:41:15', 'SYYYY-MM-DD HH24:MI:SS'), NULL, NULL, NULL);
INSERT INTO "SYS_MENU" VALUES ('1054', '状态修改', '110', '5', '#', NULL, 'F', '0', '1', 'monitor:job:changeStatus', '#', 'admin', TO_DATE('2021-01-17 11:41:15', 'SYYYY-MM-DD HH24:MI:SS'), NULL, NULL, NULL);
INSERT INTO "SYS_MENU" VALUES ('1055', '任务详细', '110', '6', '#', NULL, 'F', '0', '1', 'monitor:job:detail', '#', 'admin', TO_DATE('2021-01-17 11:41:15', 'SYYYY-MM-DD HH24:MI:SS'), NULL, NULL, NULL);
INSERT INTO "SYS_MENU" VALUES ('1056', '任务导出', '110', '7', '#', NULL, 'F', '0', '1', 'monitor:job:export', '#', 'admin', TO_DATE('2021-01-17 11:41:15', 'SYYYY-MM-DD HH24:MI:SS'), NULL, NULL, NULL);
INSERT INTO "SYS_MENU" VALUES ('1057', '生成查询', '115', '1', '#', NULL, 'F', '0', '1', 'tool:gen:list', '#', 'admin', TO_DATE('2021-01-17 11:41:15', 'SYYYY-MM-DD HH24:MI:SS'), NULL, NULL, NULL);
INSERT INTO "SYS_MENU" VALUES ('1058', '生成修改', '115', '2', '#', NULL, 'F', '0', '1', 'tool:gen:edit', '#', 'admin', TO_DATE('2021-01-17 11:41:15', 'SYYYY-MM-DD HH24:MI:SS'), NULL, NULL, NULL);
INSERT INTO "SYS_MENU" VALUES ('1059', '生成删除', '115', '3', '#', NULL, 'F', '0', '1', 'tool:gen:remove', '#', 'admin', TO_DATE('2021-01-17 11:41:15', 'SYYYY-MM-DD HH24:MI:SS'), NULL, NULL, NULL);
INSERT INTO "SYS_MENU" VALUES ('1060', '预览代码', '115', '4', '#', NULL, 'F', '0', '1', 'tool:gen:preview', '#', 'admin', TO_DATE('2021-01-17 11:41:15', 'SYYYY-MM-DD HH24:MI:SS'), NULL, NULL, NULL);
INSERT INTO "SYS_MENU" VALUES ('1061', '生成代码', '115', '5', '#', NULL, 'F', '0', '1', 'tool:gen:code', '#', 'admin', TO_DATE('2021-01-17 11:41:15', 'SYYYY-MM-DD HH24:MI:SS'), NULL, NULL, NULL);

-- ----------------------------
-- Table structure for SYS_NOTICE
-- ----------------------------

CREATE TABLE "SYS_NOTICE" (
  "NOTICE_ID" NUMBER(20) NOT NULL ,
  "NOTICE_TITLE" VARCHAR2(50 BYTE) NOT NULL ,
  "NOTICE_TYPE" CHAR(1 BYTE) NOT NULL ,
  "NOTICE_CONTENT" VARCHAR2(2000 BYTE) DEFAULT NULL ,
  "STATUS" CHAR(1 BYTE) DEFAULT '0' ,
  "CREATE_BY" VARCHAR2(64 BYTE) DEFAULT '' ,
  "CREATE_TIME" DATE ,
  "UPDATE_BY" VARCHAR2(64 BYTE) DEFAULT '' ,
  "UPDATE_TIME" DATE ,
  "REMARK" VARCHAR2(255 BYTE) DEFAULT NULL
)

LOGGING
NOCOMPRESS
PCTFREE 10
INITRANS 1
STORAGE (
  INITIAL 65536
  NEXT 1048576
  MINEXTENTS 1
  MAXEXTENTS 2147483645
  BUFFER_POOL DEFAULT
)
PARALLEL 1
NOCACHE
DISABLE ROW MOVEMENT
;
COMMENT ON COLUMN "SYS_NOTICE"."NOTICE_ID" IS '公告主键seq_sys_notice.nextval';
COMMENT ON COLUMN "SYS_NOTICE"."NOTICE_TITLE" IS '公告标题';
COMMENT ON COLUMN "SYS_NOTICE"."NOTICE_TYPE" IS '公告类型（1通知 2公告）';
COMMENT ON COLUMN "SYS_NOTICE"."NOTICE_CONTENT" IS '公告内容';
COMMENT ON COLUMN "SYS_NOTICE"."STATUS" IS '公告状态（0正常 1关闭）';
COMMENT ON COLUMN "SYS_NOTICE"."CREATE_BY" IS '创建者';
COMMENT ON COLUMN "SYS_NOTICE"."CREATE_TIME" IS '创建时间';
COMMENT ON COLUMN "SYS_NOTICE"."UPDATE_BY" IS '更新者';
COMMENT ON COLUMN "SYS_NOTICE"."UPDATE_TIME" IS '更新时间';
COMMENT ON COLUMN "SYS_NOTICE"."REMARK" IS '备注';
COMMENT ON TABLE "SYS_NOTICE" IS '通知公告表';

-- ----------------------------
-- Records of SYS_NOTICE
-- ----------------------------
INSERT INTO "SYS_NOTICE" VALUES ('1', '温馨提醒：2018-07-01 若依新版本发布啦', '2', '新版本内容', '0', 'admin', TO_DATE('2021-01-17 11:41:19', 'SYYYY-MM-DD HH24:MI:SS'), NULL, NULL, '管理员');
INSERT INTO "SYS_NOTICE" VALUES ('2', '维护通知：2018-07-01 若依系统凌晨维护', '1', '维护内容', '0', 'admin', TO_DATE('2021-01-17 11:41:19', 'SYYYY-MM-DD HH24:MI:SS'), NULL, NULL, '管理员');

-- ----------------------------
-- Table structure for SYS_OPER_LOG
-- ----------------------------

CREATE TABLE "SYS_OPER_LOG" (
  "OPER_ID" NUMBER(20) NOT NULL ,
  "TITLE" VARCHAR2(50 BYTE) DEFAULT '' ,
  "BUSINESS_TYPE" NUMBER(2) DEFAULT 0 ,
  "METHOD" VARCHAR2(100 BYTE) DEFAULT '' ,
  "REQUEST_METHOD" VARCHAR2(10 BYTE) DEFAULT '' ,
  "OPERATOR_TYPE" NUMBER(1) DEFAULT 0 ,
  "OPER_NAME" VARCHAR2(50 BYTE) DEFAULT '' ,
  "DEPT_NAME" VARCHAR2(50 BYTE) DEFAULT '' ,
  "OPER_URL" VARCHAR2(255 BYTE) DEFAULT '' ,
  "OPER_IP" VARCHAR2(50 BYTE) DEFAULT '' ,
  "OPER_LOCATION" VARCHAR2(255 BYTE) DEFAULT '' ,
  "OPER_PARAM" VARCHAR2(2000 BYTE) DEFAULT '' ,
  "JSON_RESULT" VARCHAR2(2000 BYTE) DEFAULT '' ,
  "STATUS" NUMBER(1) DEFAULT 0 ,
  "ERROR_MSG" VARCHAR2(2000 BYTE) DEFAULT '' ,
  "OPER_TIME" DATE
)

LOGGING
NOCOMPRESS
PCTFREE 10
INITRANS 1
STORAGE (
  INITIAL 65536
  NEXT 1048576
  MINEXTENTS 1
  MAXEXTENTS 2147483645
  BUFFER_POOL DEFAULT
)
PARALLEL 1
NOCACHE
DISABLE ROW MOVEMENT
;
COMMENT ON COLUMN "SYS_OPER_LOG"."OPER_ID" IS '日志主键seq_sys_oper_log.nextval';
COMMENT ON COLUMN "SYS_OPER_LOG"."TITLE" IS '模块标题';
COMMENT ON COLUMN "SYS_OPER_LOG"."BUSINESS_TYPE" IS '业务类型（0其它 1新增 2修改 3删除）';
COMMENT ON COLUMN "SYS_OPER_LOG"."METHOD" IS '方法名称';
COMMENT ON COLUMN "SYS_OPER_LOG"."REQUEST_METHOD" IS '请求方式';
COMMENT ON COLUMN "SYS_OPER_LOG"."OPERATOR_TYPE" IS '操作类别（0其它 1后台用户 2手机端用户）';
COMMENT ON COLUMN "SYS_OPER_LOG"."OPER_NAME" IS '操作人员';
COMMENT ON COLUMN "SYS_OPER_LOG"."DEPT_NAME" IS '部门名称';
COMMENT ON COLUMN "SYS_OPER_LOG"."OPER_URL" IS '请求URL';
COMMENT ON COLUMN "SYS_OPER_LOG"."OPER_IP" IS '主机地址';
COMMENT ON COLUMN "SYS_OPER_LOG"."OPER_LOCATION" IS '操作地点';
COMMENT ON COLUMN "SYS_OPER_LOG"."OPER_PARAM" IS '请求参数';
COMMENT ON COLUMN "SYS_OPER_LOG"."JSON_RESULT" IS '返回参数';
COMMENT ON COLUMN "SYS_OPER_LOG"."STATUS" IS '操作状态（0正常 1异常）';
COMMENT ON COLUMN "SYS_OPER_LOG"."ERROR_MSG" IS '错误消息';
COMMENT ON COLUMN "SYS_OPER_LOG"."OPER_TIME" IS '操作时间';
COMMENT ON TABLE "SYS_OPER_LOG" IS '操作日志记录';

-- ----------------------------
-- Records of SYS_OPER_LOG
-- ----------------------------
INSERT INTO "SYS_OPER_LOG" VALUES ('1', '用户管理', '3', 'com.ruoyi.web.controller.system.SysUserController.remove()', 'POST', '1', 'admin', '研发部门', '/system/user/remove', '127.0.0.1', '内网IP', '{"ids":["100"]}', '{
  "msg" : "操作成功",
  "code" : 0
}', '0', NULL, TO_DATE('2021-01-20 17:24:14', 'SYYYY-MM-DD HH24:MI:SS'));
INSERT INTO "SYS_OPER_LOG" VALUES ('2', '用户管理', '1', 'com.ruoyi.web.controller.system.SysUserController.addSave()', 'POST', '1', 'admin', '研发部门', '/system/user/add', '127.0.0.1', '内网IP', '{"loginName":["test"],"otherLoginName":[""],"userName":["test"],"deptId":["206"],"deptName":["测试"],"phonenumber":["11111111111"],"email":["11@qq.com"],"sex":["0"],"status":["1"],"post[0]":["1"],"role[0]":["2"],"roleIds":["2"],"postIds":["1"]}', 'null', '1', '
### Error updating database.  Cause: java.sql.SQLException: ORA-01747: user.table.column, table.column 或列说明无效

### The error may exist in file [C:\Users\Project\RuoyiLayui\RuoYi-Oracle\ruoyi-system\target\classes\mapper\system\SysUserMapper.xml]
### The error may involve com.ruoyi.system.mapper.SysUserMapper.insertUser-Inline
### The error occurred while setting parameters
### SQL: insert into sys_user(      user_id,       dept_id,       login_name,       user_name,             email,             phonenumber,       sex,       password,       salt,       status,       create_by,            create_time,         )values(      ?,       ?,       ?,       ?,             ?,             ?,       ?,       ?,       ?,       ?,       ?,            sysdate,         )
### Cause: java.sql.SQLException: ORA-01747: user.table.column, table.column 或列说明无效

; bad SQL grammar []; nested exception is java.sql.SQLException: ORA-01747: user.table.column, table.column 或列说明无效
', TO_DATE('2021-01-20 17:24:40', 'SYYYY-MM-DD HH24:MI:SS'));
INSERT INTO "SYS_OPER_LOG" VALUES ('3', '用户管理', '1', 'com.ruoyi.web.controller.system.SysUserController.addSave()', 'POST', '1', 'admin', '研发部门', '/system/user/add', '127.0.0.1', '内网IP', '{"loginName":["test"],"otherLoginName":["111"],"userName":["test"],"deptId":["206"],"deptName":["测试"],"phonenumber":["11111111111"],"email":["11@qq.com"],"sex":["0"],"status":["1"],"post[0]":["1"],"role[0]":["2"],"roleIds":["2"],"postIds":["1"]}', 'null', '1', '
### Error updating database.  Cause: java.sql.SQLException: ORA-00001: 违反唯一约束条件 (ROOT.PK_SYS_USER)

### The error may exist in file [C:\Users\Project\RuoyiLayui\RuoYi-Oracle\ruoyi-system\target\classes\mapper\system\SysUserMapper.xml]
### The error may involve com.ruoyi.system.mapper.SysUserMapper.insertUser-Inline
### The error occurred while setting parameters
### SQL: insert into sys_user(      user_id,       dept_id,       login_name,       user_name,             email,             phonenumber,       sex,       password,       salt,       status,       create_by,            create_time,     other_login_name     )values(      ?,       ?,       ?,       ?,             ?,             ?,       ?,       ?,       ?,       ?,       ?,            sysdate,     ?     )
### Cause: java.sql.SQLException: ORA-00001: 违反唯一约束条件 (ROOT.PK_SYS_USER)

; ORA-00001: 违反唯一约束条件 (ROOT.PK_SYS_USER)
; nested exception is java.sql.SQLException: ORA-00001: 违反唯一约束条件 (ROOT.PK_SYS_USER)
', TO_DATE('2021-01-20 17:24:48', 'SYYYY-MM-DD HH24:MI:SS'));
INSERT INTO "SYS_OPER_LOG" VALUES ('4', '用户管理', '1', 'com.ruoyi.web.controller.system.SysUserController.addSave()', 'POST', '1', 'admin', '研发部门', '/system/user/add', '127.0.0.1', '内网IP', '{"loginName":["test"],"otherLoginName":["111"],"userName":["test"],"deptId":["206"],"deptName":["测试"],"phonenumber":["11111111111"],"email":["11@qq.com"],"sex":["0"],"status":["1"],"post[0]":["1"],"role[0]":["2"],"roleIds":["2"],"postIds":["1"]}', '{
  "msg" : "操作成功",
  "code" : 0
}', '0', NULL, TO_DATE('2021-01-20 17:24:52', 'SYYYY-MM-DD HH24:MI:SS'));
INSERT INTO "SYS_OPER_LOG" VALUES ('7', '用户管理', '3', 'com.ruoyi.web.controller.system.SysUserController.remove()', 'POST', '1', 'admin', '研发部门', '/system/user/remove', '127.0.0.1', '内网IP', '{"ids":["3"]}', '{
  "msg" : "操作成功",
  "code" : 0
}', '0', NULL, TO_DATE('2021-01-20 17:25:44', 'SYYYY-MM-DD HH24:MI:SS'));
INSERT INTO "SYS_OPER_LOG" VALUES ('8', '用户管理', '2', 'com.ruoyi.web.controller.system.SysUserController.changeStatus()', 'POST', '1', 'admin', '研发部门', '/system/user/changeStatus', '127.0.0.1', '内网IP', '{"userId":["4"],"status":["0"]}', '{
  "msg" : "操作成功",
  "code" : 0
}', '0', NULL, TO_DATE('2021-01-20 17:26:08', 'SYYYY-MM-DD HH24:MI:SS'));
INSERT INTO "SYS_OPER_LOG" VALUES ('5', '用户管理', '1', 'com.ruoyi.web.controller.system.SysUserController.addSave()', 'POST', '1', 'admin', '研发部门', '/system/user/add', '127.0.0.1', '内网IP', '{"loginName":["test1"],"otherLoginName":["1"],"userName":["test1"],"deptId":["206"],"deptName":["测试"],"phonenumber":["12345678910"],"email":["111@qq.com"],"sex":["0"],"status":["1"],"post[0]":["1"],"role[0]":["2"],"roleIds":["2"],"postIds":["1"]}', '{
  "msg" : "新增用户''test1''失败，邮箱账号已存在",
  "code" : 500
}', '0', NULL, TO_DATE('2021-01-20 17:25:25', 'SYYYY-MM-DD HH24:MI:SS'));
INSERT INTO "SYS_OPER_LOG" VALUES ('6', '用户管理', '1', 'com.ruoyi.web.controller.system.SysUserController.addSave()', 'POST', '1', 'admin', '研发部门', '/system/user/add', '127.0.0.1', '内网IP', '{"loginName":["test1"],"otherLoginName":["1"],"userName":["test1"],"deptId":["206"],"deptName":["测试"],"phonenumber":["12345678910"],"email":["111222@qq.com"],"sex":["0"],"status":["1"],"post[0]":["1"],"role[0]":["2"],"roleIds":["2"],"postIds":["1"]}', '{
  "msg" : "操作成功",
  "code" : 0
}', '0', NULL, TO_DATE('2021-01-20 17:25:30', 'SYYYY-MM-DD HH24:MI:SS'));
INSERT INTO "SYS_OPER_LOG" VALUES ('9', '用户管理', '2', 'com.ruoyi.web.controller.system.SysUserController.editSave()', 'POST', '1', 'admin', '研发部门', '/system/user/edit', '127.0.0.1', '内网IP', '{"userId":["4"],"deptId":["206"],"loginName":["test1"],"otherLoginName":["1"],"userName":["test1"],"deptName":["测试"],"phonenumber":["12345678910"],"email":["111222@qq.com"],"sex":["0"],"post[3]":["4"],"role[0]":["2"],"roleIds":["2"],"postIds":["4"],"status":["0"]}', '{
  "msg" : "操作成功",
  "code" : 0
}', '0', NULL, TO_DATE('2021-01-20 17:28:13', 'SYYYY-MM-DD HH24:MI:SS'));

-- ----------------------------
-- Table structure for SYS_POST
-- ----------------------------

CREATE TABLE "SYS_POST" (
  "POST_ID" NUMBER(20) NOT NULL ,
  "POST_CODE" VARCHAR2(64 BYTE) NOT NULL ,
  "POST_NAME" VARCHAR2(50 BYTE) NOT NULL ,
  "POST_SORT" NUMBER(4) NOT NULL ,
  "STATUS" CHAR(1 BYTE) NOT NULL ,
  "CREATE_BY" VARCHAR2(64 BYTE) DEFAULT '' ,
  "CREATE_TIME" DATE ,
  "UPDATE_BY" VARCHAR2(64 BYTE) DEFAULT '' ,
  "UPDATE_TIME" DATE ,
  "REMARK" VARCHAR2(500 BYTE) ,
  "SITE_ID" NUMBER(20)
)

LOGGING
NOCOMPRESS
PCTFREE 10
INITRANS 1
STORAGE (
  INITIAL 65536
  NEXT 1048576
  MINEXTENTS 1
  MAXEXTENTS 2147483645
  BUFFER_POOL DEFAULT
)
PARALLEL 1
NOCACHE
DISABLE ROW MOVEMENT
;
COMMENT ON COLUMN "SYS_POST"."POST_ID" IS '岗位主键seq_sys_post.nextval';
COMMENT ON COLUMN "SYS_POST"."POST_CODE" IS '岗位编码';
COMMENT ON COLUMN "SYS_POST"."POST_NAME" IS '岗位名称';
COMMENT ON COLUMN "SYS_POST"."POST_SORT" IS '显示顺序';
COMMENT ON COLUMN "SYS_POST"."STATUS" IS '状态（0正常 1停用）';
COMMENT ON COLUMN "SYS_POST"."CREATE_BY" IS '创建者';
COMMENT ON COLUMN "SYS_POST"."CREATE_TIME" IS '创建时间';
COMMENT ON COLUMN "SYS_POST"."UPDATE_BY" IS '更新者';
COMMENT ON COLUMN "SYS_POST"."UPDATE_TIME" IS '更新时间';
COMMENT ON COLUMN "SYS_POST"."REMARK" IS '备注';
COMMENT ON COLUMN "SYS_POST"."SITE_ID" IS '站点id';
COMMENT ON TABLE "SYS_POST" IS '岗位信息表';

-- ----------------------------
-- Records of SYS_POST
-- ----------------------------
INSERT INTO "SYS_POST" VALUES ('1', 'ceo', '董事长', '1', '0', 'admin', TO_DATE('2021-01-17 11:41:14', 'SYYYY-MM-DD HH24:MI:SS'), 'admin', TO_DATE('2021-01-18 15:07:16', 'SYYYY-MM-DD HH24:MI:SS'), NULL, '111');
INSERT INTO "SYS_POST" VALUES ('2', 'se', '项目经理', '2', '0', 'admin', TO_DATE('2021-01-17 11:41:14', 'SYYYY-MM-DD HH24:MI:SS'), NULL, NULL, NULL, NULL);
INSERT INTO "SYS_POST" VALUES ('3', 'hr', '人力资源', '3', '0', 'admin', TO_DATE('2021-01-17 11:41:14', 'SYYYY-MM-DD HH24:MI:SS'), NULL, NULL, NULL, NULL);
INSERT INTO "SYS_POST" VALUES ('4', 'user', '普通员工', '4', '0', 'admin', TO_DATE('2021-01-17 11:41:14', 'SYYYY-MM-DD HH24:MI:SS'), NULL, NULL, NULL, NULL);

-- ----------------------------
-- Table structure for SYS_ROLE
-- ----------------------------

CREATE TABLE "SYS_ROLE" (
  "ROLE_ID" NUMBER(20) NOT NULL ,
  "ROLE_NAME" VARCHAR2(30 BYTE) NOT NULL ,
  "ROLE_KEY" VARCHAR2(100 BYTE) NOT NULL ,
  "ROLE_SORT" NUMBER(4) NOT NULL ,
  "DATA_SCOPE" CHAR(1 BYTE) DEFAULT '1' ,
  "STATUS" CHAR(1 BYTE) NOT NULL ,
  "DEL_FLAG" CHAR(1 BYTE) DEFAULT '0' ,
  "CREATE_BY" VARCHAR2(64 BYTE) DEFAULT '' ,
  "CREATE_TIME" DATE ,
  "UPDATE_BY" VARCHAR2(64 BYTE) DEFAULT '' ,
  "UPDATE_TIME" DATE ,
  "REMARK" VARCHAR2(500 BYTE) DEFAULT NULL ,
  "ROLE_TYPE" VARCHAR2(30 BYTE)
)

LOGGING
NOCOMPRESS
PCTFREE 10
INITRANS 1
STORAGE (
  INITIAL 65536
  NEXT 1048576
  MINEXTENTS 1
  MAXEXTENTS 2147483645
  BUFFER_POOL DEFAULT
)
PARALLEL 1
NOCACHE
DISABLE ROW MOVEMENT
;
COMMENT ON COLUMN "SYS_ROLE"."ROLE_ID" IS '角色主键seq_sys_post.nextval';
COMMENT ON COLUMN "SYS_ROLE"."ROLE_NAME" IS '角色名称';
COMMENT ON COLUMN "SYS_ROLE"."ROLE_KEY" IS '角色权限字符串';
COMMENT ON COLUMN "SYS_ROLE"."ROLE_SORT" IS '显示顺序';
COMMENT ON COLUMN "SYS_ROLE"."DATA_SCOPE" IS '数据范围（1：全部数据权限 2：自定数据权限）';
COMMENT ON COLUMN "SYS_ROLE"."STATUS" IS '角色状态（0正常 1停用）';
COMMENT ON COLUMN "SYS_ROLE"."DEL_FLAG" IS '删除标志（0代表存在 2代表删除）';
COMMENT ON COLUMN "SYS_ROLE"."CREATE_BY" IS '创建者';
COMMENT ON COLUMN "SYS_ROLE"."CREATE_TIME" IS '创建时间';
COMMENT ON COLUMN "SYS_ROLE"."UPDATE_BY" IS '更新者';
COMMENT ON COLUMN "SYS_ROLE"."UPDATE_TIME" IS '更新时间';
COMMENT ON COLUMN "SYS_ROLE"."REMARK" IS '备注';
COMMENT ON COLUMN "SYS_ROLE"."ROLE_TYPE" IS '角色类型';
COMMENT ON TABLE "SYS_ROLE" IS '角色信息表';

-- ----------------------------
-- Records of SYS_ROLE
-- ----------------------------
INSERT INTO "SYS_ROLE" VALUES ('105', '1212', 'commonss', '99', '1', '0', '2', 'admin', TO_DATE('2021-01-18 15:10:16', 'SYYYY-MM-DD HH24:MI:SS'), NULL, NULL, NULL, '1212');
INSERT INTO "SYS_ROLE" VALUES ('106', 'qwqw', 'ccc', '99', '1', '0', '2', 'admin', TO_DATE('2021-01-19 14:14:34', 'SYYYY-MM-DD HH24:MI:SS'), NULL, NULL, NULL, '70002');
INSERT INTO "SYS_ROLE" VALUES ('1', '超级管理员', 'admin', '1', '1', '0', '0', 'admin', TO_DATE('2021-01-17 11:41:14', 'SYYYY-MM-DD HH24:MI:SS'), NULL, NULL, '超级管理员', NULL);
INSERT INTO "SYS_ROLE" VALUES ('2', '普通角色', 'common', '2', '2', '0', '0', 'admin', TO_DATE('2021-01-17 11:41:14', 'SYYYY-MM-DD HH24:MI:SS'), 'admin', TO_DATE('2021-01-19 14:14:13', 'SYYYY-MM-DD HH24:MI:SS'), '普通角色', '70001');

-- ----------------------------
-- Table structure for SYS_ROLE_DEPT
-- ----------------------------

CREATE TABLE "SYS_ROLE_DEPT" (
  "ROLE_ID" NUMBER(20) NOT NULL ,
  "DEPT_ID" NUMBER(20) NOT NULL
)

LOGGING
NOCOMPRESS
PCTFREE 10
INITRANS 1
STORAGE (
  INITIAL 65536
  NEXT 1048576
  MINEXTENTS 1
  MAXEXTENTS 2147483645
  BUFFER_POOL DEFAULT
)
PARALLEL 1
NOCACHE
DISABLE ROW MOVEMENT
;
COMMENT ON COLUMN "SYS_ROLE_DEPT"."ROLE_ID" IS '角色ID';
COMMENT ON COLUMN "SYS_ROLE_DEPT"."DEPT_ID" IS '部门ID';
COMMENT ON TABLE "SYS_ROLE_DEPT" IS '角色和部门关联表';

-- ----------------------------
-- Records of SYS_ROLE_DEPT
-- ----------------------------
INSERT INTO "SYS_ROLE_DEPT" VALUES ('2', '100');
INSERT INTO "SYS_ROLE_DEPT" VALUES ('2', '101');
INSERT INTO "SYS_ROLE_DEPT" VALUES ('2', '105');

-- ----------------------------
-- Table structure for SYS_ROLE_MENU
-- ----------------------------

CREATE TABLE "SYS_ROLE_MENU" (
  "ROLE_ID" NUMBER(20) NOT NULL ,
  "MENU_ID" NUMBER(20) NOT NULL
)

LOGGING
NOCOMPRESS
PCTFREE 10
INITRANS 1
STORAGE (
  INITIAL 65536
  NEXT 1048576
  MINEXTENTS 1
  MAXEXTENTS 2147483645
  BUFFER_POOL DEFAULT
)
PARALLEL 1
NOCACHE
DISABLE ROW MOVEMENT
;
COMMENT ON COLUMN "SYS_ROLE_MENU"."ROLE_ID" IS '角色ID';
COMMENT ON COLUMN "SYS_ROLE_MENU"."MENU_ID" IS '菜单ID';
COMMENT ON TABLE "SYS_ROLE_MENU" IS '角色和菜单关联表';

-- ----------------------------
-- Records of SYS_ROLE_MENU
-- ----------------------------
INSERT INTO "SYS_ROLE_MENU" VALUES ('2', '1');
INSERT INTO "SYS_ROLE_MENU" VALUES ('2', '2');
INSERT INTO "SYS_ROLE_MENU" VALUES ('2', '3');
INSERT INTO "SYS_ROLE_MENU" VALUES ('2', '4');
INSERT INTO "SYS_ROLE_MENU" VALUES ('2', '100');
INSERT INTO "SYS_ROLE_MENU" VALUES ('2', '101');
INSERT INTO "SYS_ROLE_MENU" VALUES ('2', '102');
INSERT INTO "SYS_ROLE_MENU" VALUES ('2', '103');
INSERT INTO "SYS_ROLE_MENU" VALUES ('2', '104');
INSERT INTO "SYS_ROLE_MENU" VALUES ('2', '105');
INSERT INTO "SYS_ROLE_MENU" VALUES ('2', '106');
INSERT INTO "SYS_ROLE_MENU" VALUES ('2', '107');
INSERT INTO "SYS_ROLE_MENU" VALUES ('2', '108');
INSERT INTO "SYS_ROLE_MENU" VALUES ('2', '109');
INSERT INTO "SYS_ROLE_MENU" VALUES ('2', '110');
INSERT INTO "SYS_ROLE_MENU" VALUES ('2', '111');
INSERT INTO "SYS_ROLE_MENU" VALUES ('2', '112');
INSERT INTO "SYS_ROLE_MENU" VALUES ('2', '113');
INSERT INTO "SYS_ROLE_MENU" VALUES ('2', '114');
INSERT INTO "SYS_ROLE_MENU" VALUES ('2', '115');
INSERT INTO "SYS_ROLE_MENU" VALUES ('2', '116');
INSERT INTO "SYS_ROLE_MENU" VALUES ('2', '500');
INSERT INTO "SYS_ROLE_MENU" VALUES ('2', '501');
INSERT INTO "SYS_ROLE_MENU" VALUES ('2', '1000');
INSERT INTO "SYS_ROLE_MENU" VALUES ('2', '1001');
INSERT INTO "SYS_ROLE_MENU" VALUES ('2', '1002');
INSERT INTO "SYS_ROLE_MENU" VALUES ('2', '1003');
INSERT INTO "SYS_ROLE_MENU" VALUES ('2', '1004');
INSERT INTO "SYS_ROLE_MENU" VALUES ('2', '1005');
INSERT INTO "SYS_ROLE_MENU" VALUES ('2', '1006');
INSERT INTO "SYS_ROLE_MENU" VALUES ('2', '1007');
INSERT INTO "SYS_ROLE_MENU" VALUES ('2', '1008');
INSERT INTO "SYS_ROLE_MENU" VALUES ('2', '1009');
INSERT INTO "SYS_ROLE_MENU" VALUES ('2', '1010');
INSERT INTO "SYS_ROLE_MENU" VALUES ('2', '1011');
INSERT INTO "SYS_ROLE_MENU" VALUES ('2', '1012');
INSERT INTO "SYS_ROLE_MENU" VALUES ('2', '1013');
INSERT INTO "SYS_ROLE_MENU" VALUES ('2', '1014');
INSERT INTO "SYS_ROLE_MENU" VALUES ('2', '1015');
INSERT INTO "SYS_ROLE_MENU" VALUES ('2', '1016');
INSERT INTO "SYS_ROLE_MENU" VALUES ('2', '1017');
INSERT INTO "SYS_ROLE_MENU" VALUES ('2', '1018');
INSERT INTO "SYS_ROLE_MENU" VALUES ('2', '1019');
INSERT INTO "SYS_ROLE_MENU" VALUES ('2', '1020');
INSERT INTO "SYS_ROLE_MENU" VALUES ('2', '1021');
INSERT INTO "SYS_ROLE_MENU" VALUES ('2', '1022');
INSERT INTO "SYS_ROLE_MENU" VALUES ('2', '1023');
INSERT INTO "SYS_ROLE_MENU" VALUES ('2', '1024');
INSERT INTO "SYS_ROLE_MENU" VALUES ('2', '1025');
INSERT INTO "SYS_ROLE_MENU" VALUES ('2', '1026');
INSERT INTO "SYS_ROLE_MENU" VALUES ('2', '1027');
INSERT INTO "SYS_ROLE_MENU" VALUES ('2', '1028');
INSERT INTO "SYS_ROLE_MENU" VALUES ('2', '1029');
INSERT INTO "SYS_ROLE_MENU" VALUES ('2', '1030');
INSERT INTO "SYS_ROLE_MENU" VALUES ('2', '1031');
INSERT INTO "SYS_ROLE_MENU" VALUES ('2', '1032');
INSERT INTO "SYS_ROLE_MENU" VALUES ('2', '1033');
INSERT INTO "SYS_ROLE_MENU" VALUES ('2', '1034');
INSERT INTO "SYS_ROLE_MENU" VALUES ('2', '1035');
INSERT INTO "SYS_ROLE_MENU" VALUES ('2', '1036');
INSERT INTO "SYS_ROLE_MENU" VALUES ('2', '1037');
INSERT INTO "SYS_ROLE_MENU" VALUES ('2', '1038');
INSERT INTO "SYS_ROLE_MENU" VALUES ('2', '1039');
INSERT INTO "SYS_ROLE_MENU" VALUES ('2', '1040');
INSERT INTO "SYS_ROLE_MENU" VALUES ('2', '1041');
INSERT INTO "SYS_ROLE_MENU" VALUES ('2', '1042');
INSERT INTO "SYS_ROLE_MENU" VALUES ('2', '1043');
INSERT INTO "SYS_ROLE_MENU" VALUES ('2', '1044');
INSERT INTO "SYS_ROLE_MENU" VALUES ('2', '1045');
INSERT INTO "SYS_ROLE_MENU" VALUES ('2', '1046');
INSERT INTO "SYS_ROLE_MENU" VALUES ('2', '1047');
INSERT INTO "SYS_ROLE_MENU" VALUES ('2', '1048');
INSERT INTO "SYS_ROLE_MENU" VALUES ('2', '1049');
INSERT INTO "SYS_ROLE_MENU" VALUES ('2', '1050');
INSERT INTO "SYS_ROLE_MENU" VALUES ('2', '1051');
INSERT INTO "SYS_ROLE_MENU" VALUES ('2', '1052');
INSERT INTO "SYS_ROLE_MENU" VALUES ('2', '1053');
INSERT INTO "SYS_ROLE_MENU" VALUES ('2', '1054');
INSERT INTO "SYS_ROLE_MENU" VALUES ('2', '1055');
INSERT INTO "SYS_ROLE_MENU" VALUES ('2', '1056');
INSERT INTO "SYS_ROLE_MENU" VALUES ('2', '1057');
INSERT INTO "SYS_ROLE_MENU" VALUES ('2', '1058');
INSERT INTO "SYS_ROLE_MENU" VALUES ('2', '1059');
INSERT INTO "SYS_ROLE_MENU" VALUES ('2', '1060');
INSERT INTO "SYS_ROLE_MENU" VALUES ('2', '1061');

-- ----------------------------
-- Table structure for SYS_ROLE_POST
-- ----------------------------

CREATE TABLE "SYS_ROLE_POST" (
  "ID" NUMBER(20) NOT NULL ,
  "ROLE_ID" NUMBER(20) NOT NULL ,
  "POST_ID" NUMBER(20) NOT NULL
)

LOGGING
NOCOMPRESS
PCTFREE 10
INITRANS 1
STORAGE (
  INITIAL 65536
  NEXT 1048576
  MINEXTENTS 1
  MAXEXTENTS 2147483645
  BUFFER_POOL DEFAULT
)
PARALLEL 1
NOCACHE
DISABLE ROW MOVEMENT
;
COMMENT ON COLUMN "SYS_ROLE_POST"."ID" IS '岗位角色关系表主键';

-- ----------------------------
-- Records of SYS_ROLE_POST
-- ----------------------------
INSERT INTO "SYS_ROLE_POST" VALUES ('3', '1', '1');
INSERT INTO "SYS_ROLE_POST" VALUES ('1', '2', '1');
INSERT INTO "SYS_ROLE_POST" VALUES ('2', '2', '2');

-- ----------------------------
-- Table structure for SYS_SITE
-- ----------------------------

CREATE TABLE "SYS_SITE" (
  "SITE_ID" NUMBER(20) NOT NULL ,
  "SITE_NAME" VARCHAR2(30 BYTE) NOT NULL ,
  "SITE_DESC" VARCHAR2(100 BYTE) ,
  "SITE_URL" VARCHAR2(100 BYTE) NOT NULL ,
  "SITE_IMG" VARCHAR2(100 BYTE) NOT NULL ,
  "SITE_SORT" NUMBER(4) NOT NULL ,
  "STATUS" CHAR(1 BYTE) NOT NULL ,
  "SITE_TYPE" VARCHAR2(30 BYTE) NOT NULL ,
  "CREATE_BY" VARCHAR2(64 BYTE) DEFAULT '' ,
  "CREATE_TIME" DATE ,
  "UPDATE_BY" VARCHAR2(64 BYTE) DEFAULT '' ,
  "UPDATE_TIME" DATE
)

LOGGING
NOCOMPRESS
PCTFREE 10
INITRANS 1
STORAGE (
  INITIAL 65536
  NEXT 1048576
  MINEXTENTS 1
  MAXEXTENTS 2147483645
  BUFFER_POOL DEFAULT
)
PARALLEL 1
NOCACHE
DISABLE ROW MOVEMENT
;

-- ----------------------------
-- Records of SYS_SITE
-- ----------------------------
INSERT INTO "SYS_SITE" VALUES ('101', '京东', '京东商城', 'jd.com', 'jd.com/favicon.ico', '1', '1', '电商', NULL, TO_DATE('2021-01-17 20:15:34', 'SYYYY-MM-DD HH24:MI:SS'), 'admin', TO_DATE('2021-01-19 13:50:05', 'SYYYY-MM-DD HH24:MI:SS'));
INSERT INTO "SYS_SITE" VALUES ('122', '百度', '百度搜索', 'baidu.com', 'baidu.com/favicon.ico', '2', '0', '搜索引擎', NULL, TO_DATE('2021-01-19 13:53:02', 'SYYYY-MM-DD HH24:MI:SS'), NULL, NULL);

-- ----------------------------
-- Table structure for SYS_USER
-- ----------------------------

CREATE TABLE "SYS_USER" (
  "USER_ID" NUMBER(20) NOT NULL ,
  "DEPT_ID" NUMBER(20) DEFAULT NULL ,
  "LOGIN_NAME" VARCHAR2(30 BYTE) NOT NULL ,
  "USER_NAME" VARCHAR2(30 BYTE) DEFAULT '' ,
  "USER_TYPE" VARCHAR2(2 BYTE) DEFAULT '00' ,
  "EMAIL" VARCHAR2(50 BYTE) DEFAULT '' ,
  "PHONENUMBER" VARCHAR2(11 BYTE) DEFAULT '' ,
  "SEX" CHAR(1 BYTE) DEFAULT '0' ,
  "AVATAR" VARCHAR2(100 BYTE) DEFAULT '' ,
  "PASSWORD" VARCHAR2(50 BYTE) DEFAULT '' ,
  "SALT" VARCHAR2(20 BYTE) DEFAULT '' ,
  "STATUS" CHAR(1 BYTE) DEFAULT '0' ,
  "DEL_FLAG" CHAR(1 BYTE) DEFAULT '0' ,
  "LOGIN_IP" VARCHAR2(50 BYTE) DEFAULT '' ,
  "LOGIN_DATE" DATE ,
  "PWD_UPDATE_DATE" DATE ,
  "CREATE_BY" VARCHAR2(64 BYTE) ,
  "CREATE_TIME" DATE ,
  "UPDATE_BY" VARCHAR2(64 BYTE) DEFAULT '' ,
  "UPDATE_TIME" DATE ,
  "REMARK" VARCHAR2(500 BYTE) DEFAULT '' ,
  "OTHER_LOGIN_NAME" VARCHAR2(30 BYTE)
)

LOGGING
NOCOMPRESS
PCTFREE 10
INITRANS 1
STORAGE (
  INITIAL 65536
  NEXT 1048576
  MINEXTENTS 1
  MAXEXTENTS 2147483645
  BUFFER_POOL DEFAULT
)
PARALLEL 1
NOCACHE
DISABLE ROW MOVEMENT
;
COMMENT ON COLUMN "SYS_USER"."USER_ID" IS '用户主键seq_sys_user.nextval';
COMMENT ON COLUMN "SYS_USER"."DEPT_ID" IS '部门ID';
COMMENT ON COLUMN "SYS_USER"."LOGIN_NAME" IS '登录账号';
COMMENT ON COLUMN "SYS_USER"."USER_NAME" IS '用户昵称';
COMMENT ON COLUMN "SYS_USER"."USER_TYPE" IS '用户类型（00系统用户 01注册用户）';
COMMENT ON COLUMN "SYS_USER"."EMAIL" IS '用户邮箱';
COMMENT ON COLUMN "SYS_USER"."PHONENUMBER" IS '手机号码';
COMMENT ON COLUMN "SYS_USER"."SEX" IS '用户性别（0男 1女 2未知）';
COMMENT ON COLUMN "SYS_USER"."AVATAR" IS '头像路径';
COMMENT ON COLUMN "SYS_USER"."PASSWORD" IS '密码';
COMMENT ON COLUMN "SYS_USER"."SALT" IS '盐加密';
COMMENT ON COLUMN "SYS_USER"."STATUS" IS '帐号状态（0正常 1停用）';
COMMENT ON COLUMN "SYS_USER"."DEL_FLAG" IS '删除标志（0代表存在 2代表删除）';
COMMENT ON COLUMN "SYS_USER"."LOGIN_IP" IS '最后登录IP';
COMMENT ON COLUMN "SYS_USER"."LOGIN_DATE" IS '最后登录时间';
COMMENT ON COLUMN "SYS_USER"."PWD_UPDATE_DATE" IS '密码最后更新时间';
COMMENT ON COLUMN "SYS_USER"."CREATE_BY" IS '创建者';
COMMENT ON COLUMN "SYS_USER"."CREATE_TIME" IS '创建时间';
COMMENT ON COLUMN "SYS_USER"."UPDATE_BY" IS '更新者';
COMMENT ON COLUMN "SYS_USER"."UPDATE_TIME" IS '更新时间';
COMMENT ON COLUMN "SYS_USER"."REMARK" IS '备注';
COMMENT ON COLUMN "SYS_USER"."OTHER_LOGIN_NAME" IS '其他登录';
COMMENT ON TABLE "SYS_USER" IS '用户信息表';

-- ----------------------------
-- Records of SYS_USER
-- ----------------------------
INSERT INTO "SYS_USER" VALUES ('3', '206', 'test', 'test', '00', '11@qq.com', '11111111111', '0', NULL, '42b08654d073570015f10a5735e64fc9', '32cb64', '1', '2', NULL, NULL, NULL, 'admin', TO_DATE('2021-01-20 17:24:52', 'SYYYY-MM-DD HH24:MI:SS'), NULL, NULL, NULL, '111');
INSERT INTO "SYS_USER" VALUES ('1', '103', 'admin', '若依', '00', 'ry@163.com', '15888888888', '1', NULL, '29c67a30398638269fe600f73a054934', '111111', '0', '0', '127.0.0.1', TO_DATE('2021-01-20 17:41:44', 'SYYYY-MM-DD HH24:MI:SS'), TO_DATE('2021-01-17 11:41:13', 'SYYYY-MM-DD HH24:MI:SS'), 'admin', TO_DATE('2021-01-17 11:41:13', 'SYYYY-MM-DD HH24:MI:SS'), NULL, TO_DATE('2021-01-20 17:41:42', 'SYYYY-MM-DD HH24:MI:SS'), '管理员', NULL);
INSERT INTO "SYS_USER" VALUES ('2', '105', 'ry', '若依', '00', 'ry@qq.com', '15666666666', '1', NULL, '8e6d98b90472783cc73c17047ddccf36', '222222', '0', '0', '127.0.0.1', TO_DATE('2021-01-17 11:41:13', 'SYYYY-MM-DD HH24:MI:SS'), TO_DATE('2021-01-17 11:41:13', 'SYYYY-MM-DD HH24:MI:SS'), 'admin', TO_DATE('2021-01-17 11:41:13', 'SYYYY-MM-DD HH24:MI:SS'), NULL, NULL, '测试员', NULL);
INSERT INTO "SYS_USER" VALUES ('100', '101', 'gdw', '11111', '00', '111@qq.com', '18219287651', '0', NULL, '348315e072aa2982380f6ae96183b72c', '86d141', '1', '2', NULL, NULL, NULL, 'admin', TO_DATE('2021-01-18 15:55:27', 'SYYYY-MM-DD HH24:MI:SS'), NULL, NULL, NULL, 'ddd');
INSERT INTO "SYS_USER" VALUES ('4', '206', 'test1', 'test1', '00', '111222@qq.com', '12345678910', '0', NULL, '544114d438c48a56f8ade50ee5569e36', 'd915fe', '0', '0', '127.0.0.1', TO_DATE('2021-01-20 17:42:05', 'SYYYY-MM-DD HH24:MI:SS'), NULL, 'admin', TO_DATE('2021-01-20 17:25:30', 'SYYYY-MM-DD HH24:MI:SS'), 'admin', TO_DATE('2021-01-20 17:42:03', 'SYYYY-MM-DD HH24:MI:SS'), NULL, '1');

-- ----------------------------
-- Table structure for SYS_USER_ONLINE
-- ----------------------------

CREATE TABLE "SYS_USER_ONLINE" (
  "SESSIONID" VARCHAR2(50 BYTE) DEFAULT '' NOT NULL ,
  "LOGIN_NAME" VARCHAR2(50 BYTE) DEFAULT '' ,
  "DEPT_NAME" VARCHAR2(50 BYTE) DEFAULT '' ,
  "IPADDR" VARCHAR2(50 BYTE) DEFAULT '' ,
  "LOGIN_LOCATION" VARCHAR2(255 BYTE) DEFAULT '' ,
  "BROWSER" VARCHAR2(50 BYTE) DEFAULT '' ,
  "OS" VARCHAR2(50 BYTE) DEFAULT '' ,
  "STATUS" VARCHAR2(10 BYTE) DEFAULT '' ,
  "START_TIMESTAMP" DATE ,
  "LAST_ACCESS_TIME" DATE ,
  "EXPIRE_TIME" NUMBER(10) DEFAULT 0


)

LOGGING
NOCOMPRESS
PCTFREE 10
INITRANS 1
STORAGE (
  INITIAL 65536
  NEXT 1048576
  MINEXTENTS 1
  MAXEXTENTS 2147483645
  BUFFER_POOL DEFAULT
)
PARALLEL 1
NOCACHE
DISABLE ROW MOVEMENT
;
COMMENT ON COLUMN "SYS_USER_ONLINE"."SESSIONID" IS '用户会话id';
COMMENT ON COLUMN "SYS_USER_ONLINE"."LOGIN_NAME" IS '登录账号';
COMMENT ON COLUMN "SYS_USER_ONLINE"."DEPT_NAME" IS '部门名称';
COMMENT ON COLUMN "SYS_USER_ONLINE"."IPADDR" IS '登录IP地址';
COMMENT ON COLUMN "SYS_USER_ONLINE"."LOGIN_LOCATION" IS '登录地点';
COMMENT ON COLUMN "SYS_USER_ONLINE"."BROWSER" IS '浏览器类型';
COMMENT ON COLUMN "SYS_USER_ONLINE"."OS" IS '操作系统';
COMMENT ON COLUMN "SYS_USER_ONLINE"."STATUS" IS '在线状态on_line在线off_line离线';
COMMENT ON COLUMN "SYS_USER_ONLINE"."START_TIMESTAMP" IS 'session创建时间';
COMMENT ON COLUMN "SYS_USER_ONLINE"."LAST_ACCESS_TIME" IS 'session最后访问时间';
COMMENT ON COLUMN "SYS_USER_ONLINE"."EXPIRE_TIME" IS '超时时间，单位为分钟';
COMMENT ON TABLE "SYS_USER_ONLINE" IS '在线用户记录';

-- ----------------------------
-- Records of SYS_USER_ONLINE
-- ----------------------------
INSERT INTO "SYS_USER_ONLINE" VALUES ('b71d26a9-42bd-4d7f-8279-c65203e80e43', 'test1', '测试', '127.0.0.1', '内网IP', 'Chrome 8', 'Windows 10', 'on_line', TO_DATE('2021-01-20 17:41:49', 'SYYYY-MM-DD HH24:MI:SS'), TO_DATE('2021-01-20 17:42:05', 'SYYYY-MM-DD HH24:MI:SS'), '1800000');
INSERT INTO "SYS_USER_ONLINE" VALUES ('eeccee79-2832-4bb9-9acd-7a7078d38cf6', 'test1', '测试', '127.0.0.1', '内网IP', 'Chrome 8', 'Windows 7', 'on_line', TO_DATE('2021-01-20 17:28:21', 'SYYYY-MM-DD HH24:MI:SS'), TO_DATE('2021-01-20 17:42:39', 'SYYYY-MM-DD HH24:MI:SS'), '1800000');

-- ----------------------------
-- Table structure for SYS_USER_POST
-- ----------------------------

CREATE TABLE "SYS_USER_POST" (
  "USER_ID" NUMBER(20) NOT NULL ,
  "POST_ID" NUMBER(20) NOT NULL
)

LOGGING
NOCOMPRESS
PCTFREE 10
INITRANS 1
STORAGE (
  INITIAL 65536
  NEXT 1048576
  MINEXTENTS 1
  MAXEXTENTS 2147483645
  BUFFER_POOL DEFAULT
)
PARALLEL 1
NOCACHE
DISABLE ROW MOVEMENT
;
COMMENT ON COLUMN "SYS_USER_POST"."USER_ID" IS '用户ID';
COMMENT ON COLUMN "SYS_USER_POST"."POST_ID" IS '岗位ID';
COMMENT ON TABLE "SYS_USER_POST" IS '用户与岗位关联表';

-- ----------------------------
-- Records of SYS_USER_POST
-- ----------------------------
INSERT INTO "SYS_USER_POST" VALUES ('1', '1');
INSERT INTO "SYS_USER_POST" VALUES ('2', '2');
INSERT INTO "SYS_USER_POST" VALUES ('4', '4');

-- ----------------------------
-- Table structure for SYS_USER_ROLE
-- ----------------------------

CREATE TABLE "SYS_USER_ROLE" (
  "USER_ID" NUMBER(20) NOT NULL ,
  "ROLE_ID" NUMBER(20) NOT NULL
)

LOGGING
NOCOMPRESS
PCTFREE 10
INITRANS 1
STORAGE (
  INITIAL 65536
  NEXT 1048576
  MINEXTENTS 1
  MAXEXTENTS 2147483645
  BUFFER_POOL DEFAULT
)
PARALLEL 1
NOCACHE
DISABLE ROW MOVEMENT
;
COMMENT ON COLUMN "SYS_USER_ROLE"."USER_ID" IS '用户ID';
COMMENT ON COLUMN "SYS_USER_ROLE"."ROLE_ID" IS '角色ID';
COMMENT ON TABLE "SYS_USER_ROLE" IS '用户和角色关联表';

-- ----------------------------
-- Records of SYS_USER_ROLE
-- ----------------------------
INSERT INTO "SYS_USER_ROLE" VALUES ('1', '1');
INSERT INTO "SYS_USER_ROLE" VALUES ('2', '2');
INSERT INTO "SYS_USER_ROLE" VALUES ('4', '2');

-- ----------------------------
-- Table structure for SYS_USER_UP
-- ----------------------------

CREATE TABLE "SYS_USER_UP" (
  "ID" NUMBER(20) NOT NULL ,
  "USER_ID" NUMBER(20) NOT NULL ,
  "UP_ID" NUMBER(20) NOT NULL
)

LOGGING
NOCOMPRESS
PCTFREE 10
INITRANS 1
STORAGE (
  INITIAL 65536
  NEXT 1048576
  MINEXTENTS 1
  MAXEXTENTS 2147483645
  BUFFER_POOL DEFAULT
)
PARALLEL 1
NOCACHE
DISABLE ROW MOVEMENT
;
COMMENT ON COLUMN "SYS_USER_UP"."ID" IS '人员部门关系表';
COMMENT ON COLUMN "SYS_USER_UP"."USER_ID" IS '用户ID';
COMMENT ON COLUMN "SYS_USER_UP"."UP_ID" IS '部门岗位关系表ID';

-- ----------------------------
-- Records of SYS_USER_UP
-- ----------------------------
INSERT INTO "SYS_USER_UP" VALUES ('1', '1', '1');
INSERT INTO "SYS_USER_UP" VALUES ('2', '1', '2');
INSERT INTO "SYS_USER_UP" VALUES ('3', '2', '1');
INSERT INTO "SYS_USER_UP" VALUES ('4', '2', '2');
INSERT INTO "SYS_USER_UP" VALUES ('5', '4', '3');

-- ----------------------------
-- Function structure for FIND_IN_SET
-- ----------------------------
CREATE OR REPLACE
FUNCTION "FIND_IN_SET" AS
begin
select instr(','||arg2||',' , ','||arg1||',') into Result from dual;
return(Result);
end find_in_set;
/

-- ----------------------------
-- Sequence structure for SEQ_GEN_TABLE
-- ----------------------------
DROP SEQUENCE "SEQ_GEN_TABLE";
CREATE SEQUENCE "SEQ_GEN_TABLE" MINVALUE 1 MAXVALUE 9999999999999999999999999999 INCREMENT BY 1 CACHE 20;

-- ----------------------------
-- Sequence structure for SEQ_GEN_TABLE_COLUMN
-- ----------------------------
DROP SEQUENCE "SEQ_GEN_TABLE_COLUMN";
CREATE SEQUENCE "SEQ_GEN_TABLE_COLUMN" MINVALUE 1 MAXVALUE 9999999999999999999999999999 INCREMENT BY 1 CACHE 20;

-- ----------------------------
-- Sequence structure for SEQ_SYS_CONFIG
-- ----------------------------
DROP SEQUENCE "SEQ_SYS_CONFIG";
CREATE SEQUENCE "SEQ_SYS_CONFIG" MINVALUE 1 MAXVALUE 9999999999999999999999999999 INCREMENT BY 1 CACHE 20;

-- ----------------------------
-- Sequence structure for SEQ_SYS_DEPT
-- ----------------------------
DROP SEQUENCE "SEQ_SYS_DEPT";
CREATE SEQUENCE "SEQ_SYS_DEPT" MINVALUE 1 MAXVALUE 9999999999999999999999999999 INCREMENT BY 1 CACHE 20;

-- ----------------------------
-- Sequence structure for SEQ_SYS_DICT_DATA
-- ----------------------------
DROP SEQUENCE "SEQ_SYS_DICT_DATA";
CREATE SEQUENCE "SEQ_SYS_DICT_DATA" MINVALUE 1 MAXVALUE 9999999999999999999999999999 INCREMENT BY 1 CACHE 20;

-- ----------------------------
-- Sequence structure for SEQ_SYS_DICT_TYPE
-- ----------------------------
DROP SEQUENCE "SEQ_SYS_DICT_TYPE";
CREATE SEQUENCE "SEQ_SYS_DICT_TYPE" MINVALUE 1 MAXVALUE 9999999999999999999999999999 INCREMENT BY 1 CACHE 20;

-- ----------------------------
-- Sequence structure for SEQ_SYS_JOB
-- ----------------------------
DROP SEQUENCE "SEQ_SYS_JOB";
CREATE SEQUENCE "SEQ_SYS_JOB" MINVALUE 1 MAXVALUE 9999999999999999999999999999 INCREMENT BY 1 CACHE 20;

-- ----------------------------
-- Sequence structure for SEQ_SYS_JOB_LOG
-- ----------------------------
DROP SEQUENCE "SEQ_SYS_JOB_LOG";
CREATE SEQUENCE "SEQ_SYS_JOB_LOG" MINVALUE 1 MAXVALUE 9999999999999999999999999999 INCREMENT BY 1 CACHE 20;

-- ----------------------------
-- Sequence structure for SEQ_SYS_LOGININFOR
-- ----------------------------
DROP SEQUENCE "SEQ_SYS_LOGININFOR";
CREATE SEQUENCE "SEQ_SYS_LOGININFOR" MINVALUE 1 MAXVALUE 9999999999999999999999999999 INCREMENT BY 1 CACHE 20;

-- ----------------------------
-- Sequence structure for SEQ_SYS_MENU
-- ----------------------------
DROP SEQUENCE "SEQ_SYS_MENU";
CREATE SEQUENCE "SEQ_SYS_MENU" MINVALUE 1 MAXVALUE 9999999999999999999999999999 INCREMENT BY 1 CACHE 20;

-- ----------------------------
-- Sequence structure for SEQ_SYS_NOTICE
-- ----------------------------
DROP SEQUENCE "SEQ_SYS_NOTICE";
CREATE SEQUENCE "SEQ_SYS_NOTICE" MINVALUE 1 MAXVALUE 9999999999999999999999999999 INCREMENT BY 1 CACHE 20;

-- ----------------------------
-- Sequence structure for SEQ_SYS_OPER_LOG
-- ----------------------------
DROP SEQUENCE "SEQ_SYS_OPER_LOG";
CREATE SEQUENCE "SEQ_SYS_OPER_LOG" MINVALUE 1 MAXVALUE 9999999999999999999999999999 INCREMENT BY 1 CACHE 20;

-- ----------------------------
-- Sequence structure for SEQ_SYS_POST
-- ----------------------------
DROP SEQUENCE "SEQ_SYS_POST";
CREATE SEQUENCE "SEQ_SYS_POST" MINVALUE 1 MAXVALUE 9999999999999999999999999999 INCREMENT BY 1 CACHE 20;

-- ----------------------------
-- Sequence structure for SEQ_SYS_ROLE
-- ----------------------------
DROP SEQUENCE "SEQ_SYS_ROLE";
CREATE SEQUENCE "SEQ_SYS_ROLE" MINVALUE 1 MAXVALUE 9999999999999999999999999999 INCREMENT BY 1 CACHE 20;

-- ----------------------------
-- Sequence structure for SEQ_SYS_SITE
-- ----------------------------
DROP SEQUENCE "SEQ_SYS_SITE";
CREATE SEQUENCE "SEQ_SYS_SITE" MINVALUE 1 MAXVALUE 9999999999999999999999999999 INCREMENT BY 1 CACHE 20;

-- ----------------------------
-- Sequence structure for SEQ_SYS_USER
-- ----------------------------
DROP SEQUENCE "SEQ_SYS_USER";
CREATE SEQUENCE "SEQ_SYS_USER" MINVALUE 1 MAXVALUE 9999999999999999999999999999 INCREMENT BY 1 CACHE 20;

-- ----------------------------
-- Primary Key structure for table GEN_TABLE
-- ----------------------------
ALTER TABLE "GEN_TABLE" ADD CONSTRAINT "PK_GEN_TABLE" PRIMARY KEY ("TABLE_ID");

-- ----------------------------
-- Checks structure for table GEN_TABLE
-- ----------------------------
ALTER TABLE "GEN_TABLE" ADD CONSTRAINT "SYS_C0011455" CHECK ("TABLE_ID" IS NOT NULL) NOT DEFERRABLE INITIALLY IMMEDIATE NORELY VALIDATE;
ALTER TABLE "GEN_TABLE" ADD CONSTRAINT "SYS_C0011856" CHECK ("TABLE_ID" IS NOT NULL) NOT DEFERRABLE INITIALLY IMMEDIATE NORELY VALIDATE;

-- ----------------------------
-- Primary Key structure for table GEN_TABLE_COLUMN
-- ----------------------------
ALTER TABLE "GEN_TABLE_COLUMN" ADD CONSTRAINT "PK_GEN_TABLE_COLUMN" PRIMARY KEY ("COLUMN_ID");

-- ----------------------------
-- Checks structure for table GEN_TABLE_COLUMN
-- ----------------------------
ALTER TABLE "GEN_TABLE_COLUMN" ADD CONSTRAINT "SYS_C0011457" CHECK ("COLUMN_ID" IS NOT NULL) NOT DEFERRABLE INITIALLY IMMEDIATE NORELY VALIDATE;
ALTER TABLE "GEN_TABLE_COLUMN" ADD CONSTRAINT "SYS_C0011857" CHECK ("COLUMN_ID" IS NOT NULL) NOT DEFERRABLE INITIALLY IMMEDIATE NORELY VALIDATE;

-- ----------------------------
-- Primary Key structure for table QRTZ_BLOB_TRIGGERS
-- ----------------------------
ALTER TABLE "QRTZ_BLOB_TRIGGERS" ADD CONSTRAINT "QRTZ_BLOB_TRIG_PK" PRIMARY KEY ("SCHED_NAME", "TRIGGER_NAME", "TRIGGER_GROUP");

-- ----------------------------
-- Checks structure for table QRTZ_BLOB_TRIGGERS
-- ----------------------------
ALTER TABLE "QRTZ_BLOB_TRIGGERS" ADD CONSTRAINT "SYS_C0011492" CHECK ("SCHED_NAME" IS NOT NULL) NOT DEFERRABLE INITIALLY IMMEDIATE NORELY VALIDATE;
ALTER TABLE "QRTZ_BLOB_TRIGGERS" ADD CONSTRAINT "SYS_C0011493" CHECK ("TRIGGER_NAME" IS NOT NULL) NOT DEFERRABLE INITIALLY IMMEDIATE NORELY VALIDATE;
ALTER TABLE "QRTZ_BLOB_TRIGGERS" ADD CONSTRAINT "SYS_C0011494" CHECK ("TRIGGER_GROUP" IS NOT NULL) NOT DEFERRABLE INITIALLY IMMEDIATE NORELY VALIDATE;
ALTER TABLE "QRTZ_BLOB_TRIGGERS" ADD CONSTRAINT "SYS_C0011858" CHECK ("SCHED_NAME" IS NOT NULL) NOT DEFERRABLE INITIALLY IMMEDIATE NORELY VALIDATE;
ALTER TABLE "QRTZ_BLOB_TRIGGERS" ADD CONSTRAINT "SYS_C0011859" CHECK ("TRIGGER_NAME" IS NOT NULL) NOT DEFERRABLE INITIALLY IMMEDIATE NORELY VALIDATE;
ALTER TABLE "QRTZ_BLOB_TRIGGERS" ADD CONSTRAINT "SYS_C0011860" CHECK ("TRIGGER_GROUP" IS NOT NULL) NOT DEFERRABLE INITIALLY IMMEDIATE NORELY VALIDATE;

-- ----------------------------
-- Primary Key structure for table QRTZ_CALENDARS
-- ----------------------------
ALTER TABLE "QRTZ_CALENDARS" ADD CONSTRAINT "QRTZ_CALENDARS_PK" PRIMARY KEY ("SCHED_NAME", "CALENDAR_NAME");

-- ----------------------------
-- Checks structure for table QRTZ_CALENDARS
-- ----------------------------
ALTER TABLE "QRTZ_CALENDARS" ADD CONSTRAINT "SYS_C0011497" CHECK ("SCHED_NAME" IS NOT NULL) NOT DEFERRABLE INITIALLY IMMEDIATE NORELY VALIDATE;
ALTER TABLE "QRTZ_CALENDARS" ADD CONSTRAINT "SYS_C0011498" CHECK ("CALENDAR_NAME" IS NOT NULL) NOT DEFERRABLE INITIALLY IMMEDIATE NORELY VALIDATE;
ALTER TABLE "QRTZ_CALENDARS" ADD CONSTRAINT "SYS_C0011499" CHECK ("CALENDAR" IS NOT NULL) NOT DEFERRABLE INITIALLY IMMEDIATE NORELY VALIDATE;
ALTER TABLE "QRTZ_CALENDARS" ADD CONSTRAINT "SYS_C0011861" CHECK ("SCHED_NAME" IS NOT NULL) NOT DEFERRABLE INITIALLY IMMEDIATE NORELY VALIDATE;
ALTER TABLE "QRTZ_CALENDARS" ADD CONSTRAINT "SYS_C0011862" CHECK ("CALENDAR_NAME" IS NOT NULL) NOT DEFERRABLE INITIALLY IMMEDIATE NORELY VALIDATE;
ALTER TABLE "QRTZ_CALENDARS" ADD CONSTRAINT "SYS_C0011863" CHECK ("CALENDAR" IS NOT NULL) NOT DEFERRABLE INITIALLY IMMEDIATE NORELY VALIDATE;

-- ----------------------------
-- Primary Key structure for table QRTZ_CRON_TRIGGERS
-- ----------------------------
ALTER TABLE "QRTZ_CRON_TRIGGERS" ADD CONSTRAINT "QRTZ_CRON_TRIG_PK" PRIMARY KEY ("SCHED_NAME", "TRIGGER_NAME", "TRIGGER_GROUP");

-- ----------------------------
-- Checks structure for table QRTZ_CRON_TRIGGERS
-- ----------------------------
ALTER TABLE "QRTZ_CRON_TRIGGERS" ADD CONSTRAINT "SYS_C0011486" CHECK ("SCHED_NAME" IS NOT NULL) NOT DEFERRABLE INITIALLY IMMEDIATE NORELY VALIDATE;
ALTER TABLE "QRTZ_CRON_TRIGGERS" ADD CONSTRAINT "SYS_C0011487" CHECK ("TRIGGER_NAME" IS NOT NULL) NOT DEFERRABLE INITIALLY IMMEDIATE NORELY VALIDATE;
ALTER TABLE "QRTZ_CRON_TRIGGERS" ADD CONSTRAINT "SYS_C0011488" CHECK ("TRIGGER_GROUP" IS NOT NULL) NOT DEFERRABLE INITIALLY IMMEDIATE NORELY VALIDATE;
ALTER TABLE "QRTZ_CRON_TRIGGERS" ADD CONSTRAINT "SYS_C0011489" CHECK ("CRON_EXPRESSION" IS NOT NULL) NOT DEFERRABLE INITIALLY IMMEDIATE NORELY VALIDATE;
ALTER TABLE "QRTZ_CRON_TRIGGERS" ADD CONSTRAINT "SYS_C0011864" CHECK ("SCHED_NAME" IS NOT NULL) NOT DEFERRABLE INITIALLY IMMEDIATE NORELY VALIDATE;
ALTER TABLE "QRTZ_CRON_TRIGGERS" ADD CONSTRAINT "SYS_C0011865" CHECK ("TRIGGER_NAME" IS NOT NULL) NOT DEFERRABLE INITIALLY IMMEDIATE NORELY VALIDATE;
ALTER TABLE "QRTZ_CRON_TRIGGERS" ADD CONSTRAINT "SYS_C0011866" CHECK ("TRIGGER_GROUP" IS NOT NULL) NOT DEFERRABLE INITIALLY IMMEDIATE NORELY VALIDATE;
ALTER TABLE "QRTZ_CRON_TRIGGERS" ADD CONSTRAINT "SYS_C0011867" CHECK ("CRON_EXPRESSION" IS NOT NULL) NOT DEFERRABLE INITIALLY IMMEDIATE NORELY VALIDATE;

-- ----------------------------
-- Primary Key structure for table QRTZ_FIRED_TRIGGERS
-- ----------------------------
ALTER TABLE "QRTZ_FIRED_TRIGGERS" ADD CONSTRAINT "QRTZ_FIRED_TRIGGER_PK" PRIMARY KEY ("SCHED_NAME", "ENTRY_ID");

-- ----------------------------
-- Checks structure for table QRTZ_FIRED_TRIGGERS
-- ----------------------------
ALTER TABLE "QRTZ_FIRED_TRIGGERS" ADD CONSTRAINT "SYS_C0011504" CHECK ("SCHED_NAME" IS NOT NULL) NOT DEFERRABLE INITIALLY IMMEDIATE NORELY VALIDATE;
ALTER TABLE "QRTZ_FIRED_TRIGGERS" ADD CONSTRAINT "SYS_C0011505" CHECK ("ENTRY_ID" IS NOT NULL) NOT DEFERRABLE INITIALLY IMMEDIATE NORELY VALIDATE;
ALTER TABLE "QRTZ_FIRED_TRIGGERS" ADD CONSTRAINT "SYS_C0011506" CHECK ("TRIGGER_NAME" IS NOT NULL) NOT DEFERRABLE INITIALLY IMMEDIATE NORELY VALIDATE;
ALTER TABLE "QRTZ_FIRED_TRIGGERS" ADD CONSTRAINT "SYS_C0011507" CHECK ("TRIGGER_GROUP" IS NOT NULL) NOT DEFERRABLE INITIALLY IMMEDIATE NORELY VALIDATE;
ALTER TABLE "QRTZ_FIRED_TRIGGERS" ADD CONSTRAINT "SYS_C0011508" CHECK ("INSTANCE_NAME" IS NOT NULL) NOT DEFERRABLE INITIALLY IMMEDIATE NORELY VALIDATE;
ALTER TABLE "QRTZ_FIRED_TRIGGERS" ADD CONSTRAINT "SYS_C0011509" CHECK ("FIRED_TIME" IS NOT NULL) NOT DEFERRABLE INITIALLY IMMEDIATE NORELY VALIDATE;
ALTER TABLE "QRTZ_FIRED_TRIGGERS" ADD CONSTRAINT "SYS_C0011510" CHECK ("SCHED_TIME" IS NOT NULL) NOT DEFERRABLE INITIALLY IMMEDIATE NORELY VALIDATE;
ALTER TABLE "QRTZ_FIRED_TRIGGERS" ADD CONSTRAINT "SYS_C0011511" CHECK ("PRIORITY" IS NOT NULL) NOT DEFERRABLE INITIALLY IMMEDIATE NORELY VALIDATE;
ALTER TABLE "QRTZ_FIRED_TRIGGERS" ADD CONSTRAINT "SYS_C0011512" CHECK ("STATE" IS NOT NULL) NOT DEFERRABLE INITIALLY IMMEDIATE NORELY VALIDATE;
ALTER TABLE "QRTZ_FIRED_TRIGGERS" ADD CONSTRAINT "SYS_C0011868" CHECK ("SCHED_NAME" IS NOT NULL) NOT DEFERRABLE INITIALLY IMMEDIATE NORELY VALIDATE;
ALTER TABLE "QRTZ_FIRED_TRIGGERS" ADD CONSTRAINT "SYS_C0011869" CHECK ("ENTRY_ID" IS NOT NULL) NOT DEFERRABLE INITIALLY IMMEDIATE NORELY VALIDATE;
ALTER TABLE "QRTZ_FIRED_TRIGGERS" ADD CONSTRAINT "SYS_C0011870" CHECK ("TRIGGER_NAME" IS NOT NULL) NOT DEFERRABLE INITIALLY IMMEDIATE NORELY VALIDATE;
ALTER TABLE "QRTZ_FIRED_TRIGGERS" ADD CONSTRAINT "SYS_C0011871" CHECK ("TRIGGER_GROUP" IS NOT NULL) NOT DEFERRABLE INITIALLY IMMEDIATE NORELY VALIDATE;
ALTER TABLE "QRTZ_FIRED_TRIGGERS" ADD CONSTRAINT "SYS_C0011872" CHECK ("INSTANCE_NAME" IS NOT NULL) NOT DEFERRABLE INITIALLY IMMEDIATE NORELY VALIDATE;
ALTER TABLE "QRTZ_FIRED_TRIGGERS" ADD CONSTRAINT "SYS_C0011873" CHECK ("FIRED_TIME" IS NOT NULL) NOT DEFERRABLE INITIALLY IMMEDIATE NORELY VALIDATE;
ALTER TABLE "QRTZ_FIRED_TRIGGERS" ADD CONSTRAINT "SYS_C0011874" CHECK ("SCHED_TIME" IS NOT NULL) NOT DEFERRABLE INITIALLY IMMEDIATE NORELY VALIDATE;
ALTER TABLE "QRTZ_FIRED_TRIGGERS" ADD CONSTRAINT "SYS_C0011875" CHECK ("PRIORITY" IS NOT NULL) NOT DEFERRABLE INITIALLY IMMEDIATE NORELY VALIDATE;
ALTER TABLE "QRTZ_FIRED_TRIGGERS" ADD CONSTRAINT "SYS_C0011876" CHECK ("STATE" IS NOT NULL) NOT DEFERRABLE INITIALLY IMMEDIATE NORELY VALIDATE;

-- ----------------------------
-- Indexes structure for table QRTZ_FIRED_TRIGGERS
-- ----------------------------
CREATE INDEX "IDX_QRTZ_FT_INST_JOB_REQ_RCVRY"
  ON "QRTZ_FIRED_TRIGGERS" ("INSTANCE_NAME" ASC, "REQUESTS_RECOVERY" ASC, "SCHED_NAME" ASC)
  LOGGING

  VISIBLE
PCTFREE 10
INITRANS 2
STORAGE (
  BUFFER_POOL DEFAULT
);
CREATE INDEX "IDX_QRTZ_FT_JG"
  ON "QRTZ_FIRED_TRIGGERS" ("JOB_GROUP" ASC, "SCHED_NAME" ASC)
  LOGGING

  VISIBLE
PCTFREE 10
INITRANS 2
STORAGE (
  BUFFER_POOL DEFAULT
);
CREATE INDEX "IDX_QRTZ_FT_J_G"
  ON "QRTZ_FIRED_TRIGGERS" ("JOB_NAME" ASC, "SCHED_NAME" ASC, "JOB_GROUP" ASC)
  LOGGING

  VISIBLE
PCTFREE 10
INITRANS 2
STORAGE (
  BUFFER_POOL DEFAULT
);
CREATE INDEX "IDX_QRTZ_FT_TG"
  ON "QRTZ_FIRED_TRIGGERS" ("SCHED_NAME" ASC, "TRIGGER_GROUP" ASC)
  LOGGING

  VISIBLE
PCTFREE 10
INITRANS 2
STORAGE (
  BUFFER_POOL DEFAULT
);
CREATE INDEX "IDX_QRTZ_FT_TRIG_INST_NAME"
  ON "QRTZ_FIRED_TRIGGERS" ("SCHED_NAME" ASC, "INSTANCE_NAME" ASC)
  LOGGING

  VISIBLE
PCTFREE 10
INITRANS 2
STORAGE (
  BUFFER_POOL DEFAULT
);
CREATE INDEX "IDX_QRTZ_FT_T_G"
  ON "QRTZ_FIRED_TRIGGERS" ("SCHED_NAME" ASC, "TRIGGER_NAME" ASC, "TRIGGER_GROUP" ASC)
  LOGGING

  VISIBLE
PCTFREE 10
INITRANS 2
STORAGE (
  BUFFER_POOL DEFAULT
);

-- ----------------------------
-- Primary Key structure for table QRTZ_JOB_DETAILS
-- ----------------------------
ALTER TABLE "QRTZ_JOB_DETAILS" ADD CONSTRAINT "QRTZ_JOB_DETAILS_PK" PRIMARY KEY ("SCHED_NAME", "JOB_NAME", "JOB_GROUP");

-- ----------------------------
-- Checks structure for table QRTZ_JOB_DETAILS
-- ----------------------------
ALTER TABLE "QRTZ_JOB_DETAILS" ADD CONSTRAINT "SYS_C0011459" CHECK ("SCHED_NAME" IS NOT NULL) NOT DEFERRABLE INITIALLY IMMEDIATE NORELY VALIDATE;
ALTER TABLE "QRTZ_JOB_DETAILS" ADD CONSTRAINT "SYS_C0011460" CHECK ("JOB_NAME" IS NOT NULL) NOT DEFERRABLE INITIALLY IMMEDIATE NORELY VALIDATE;
ALTER TABLE "QRTZ_JOB_DETAILS" ADD CONSTRAINT "SYS_C0011461" CHECK ("JOB_GROUP" IS NOT NULL) NOT DEFERRABLE INITIALLY IMMEDIATE NORELY VALIDATE;
ALTER TABLE "QRTZ_JOB_DETAILS" ADD CONSTRAINT "SYS_C0011462" CHECK ("JOB_CLASS_NAME" IS NOT NULL) NOT DEFERRABLE INITIALLY IMMEDIATE NORELY VALIDATE;
ALTER TABLE "QRTZ_JOB_DETAILS" ADD CONSTRAINT "SYS_C0011463" CHECK ("IS_DURABLE" IS NOT NULL) NOT DEFERRABLE INITIALLY IMMEDIATE NORELY VALIDATE;
ALTER TABLE "QRTZ_JOB_DETAILS" ADD CONSTRAINT "SYS_C0011464" CHECK ("IS_NONCONCURRENT" IS NOT NULL) NOT DEFERRABLE INITIALLY IMMEDIATE NORELY VALIDATE;
ALTER TABLE "QRTZ_JOB_DETAILS" ADD CONSTRAINT "SYS_C0011465" CHECK ("IS_UPDATE_DATA" IS NOT NULL) NOT DEFERRABLE INITIALLY IMMEDIATE NORELY VALIDATE;
ALTER TABLE "QRTZ_JOB_DETAILS" ADD CONSTRAINT "SYS_C0011466" CHECK ("REQUESTS_RECOVERY" IS NOT NULL) NOT DEFERRABLE INITIALLY IMMEDIATE NORELY VALIDATE;
ALTER TABLE "QRTZ_JOB_DETAILS" ADD CONSTRAINT "SYS_C0011877" CHECK ("SCHED_NAME" IS NOT NULL) NOT DEFERRABLE INITIALLY IMMEDIATE NORELY VALIDATE;
ALTER TABLE "QRTZ_JOB_DETAILS" ADD CONSTRAINT "SYS_C0011878" CHECK ("JOB_NAME" IS NOT NULL) NOT DEFERRABLE INITIALLY IMMEDIATE NORELY VALIDATE;
ALTER TABLE "QRTZ_JOB_DETAILS" ADD CONSTRAINT "SYS_C0011879" CHECK ("JOB_GROUP" IS NOT NULL) NOT DEFERRABLE INITIALLY IMMEDIATE NORELY VALIDATE;
ALTER TABLE "QRTZ_JOB_DETAILS" ADD CONSTRAINT "SYS_C0011880" CHECK ("JOB_CLASS_NAME" IS NOT NULL) NOT DEFERRABLE INITIALLY IMMEDIATE NORELY VALIDATE;
ALTER TABLE "QRTZ_JOB_DETAILS" ADD CONSTRAINT "SYS_C0011881" CHECK ("IS_DURABLE" IS NOT NULL) NOT DEFERRABLE INITIALLY IMMEDIATE NORELY VALIDATE;
ALTER TABLE "QRTZ_JOB_DETAILS" ADD CONSTRAINT "SYS_C0011882" CHECK ("IS_NONCONCURRENT" IS NOT NULL) NOT DEFERRABLE INITIALLY IMMEDIATE NORELY VALIDATE;
ALTER TABLE "QRTZ_JOB_DETAILS" ADD CONSTRAINT "SYS_C0011883" CHECK ("IS_UPDATE_DATA" IS NOT NULL) NOT DEFERRABLE INITIALLY IMMEDIATE NORELY VALIDATE;
ALTER TABLE "QRTZ_JOB_DETAILS" ADD CONSTRAINT "SYS_C0011884" CHECK ("REQUESTS_RECOVERY" IS NOT NULL) NOT DEFERRABLE INITIALLY IMMEDIATE NORELY VALIDATE;

-- ----------------------------
-- Indexes structure for table QRTZ_JOB_DETAILS
-- ----------------------------
CREATE INDEX "IDX_QRTZ_J_GRP"
  ON "QRTZ_JOB_DETAILS" ("SCHED_NAME" ASC, "JOB_GROUP" ASC)
  LOGGING

  VISIBLE
PCTFREE 10
INITRANS 2
STORAGE (
  INITIAL 65536
  NEXT 1048576
  MINEXTENTS 1
  MAXEXTENTS 2147483645
  BUFFER_POOL DEFAULT
);
CREATE INDEX "IDX_QRTZ_J_REQ_RECOVERY"
  ON "QRTZ_JOB_DETAILS" ("SCHED_NAME" ASC, "REQUESTS_RECOVERY" ASC)
  LOGGING

  VISIBLE
PCTFREE 10
INITRANS 2
STORAGE (
  INITIAL 65536
  NEXT 1048576
  MINEXTENTS 1
  MAXEXTENTS 2147483645
  BUFFER_POOL DEFAULT
);

-- ----------------------------
-- Primary Key structure for table QRTZ_LOCKS
-- ----------------------------
ALTER TABLE "QRTZ_LOCKS" ADD CONSTRAINT "QRTZ_LOCKS_PK" PRIMARY KEY ("SCHED_NAME", "LOCK_NAME");

-- ----------------------------
-- Checks structure for table QRTZ_LOCKS
-- ----------------------------
ALTER TABLE "QRTZ_LOCKS" ADD CONSTRAINT "SYS_C0011519" CHECK ("SCHED_NAME" IS NOT NULL) NOT DEFERRABLE INITIALLY IMMEDIATE NORELY VALIDATE;
ALTER TABLE "QRTZ_LOCKS" ADD CONSTRAINT "SYS_C0011520" CHECK ("LOCK_NAME" IS NOT NULL) NOT DEFERRABLE INITIALLY IMMEDIATE NORELY VALIDATE;
ALTER TABLE "QRTZ_LOCKS" ADD CONSTRAINT "SYS_C0011885" CHECK ("SCHED_NAME" IS NOT NULL) NOT DEFERRABLE INITIALLY IMMEDIATE NORELY VALIDATE;
ALTER TABLE "QRTZ_LOCKS" ADD CONSTRAINT "SYS_C0011886" CHECK ("LOCK_NAME" IS NOT NULL) NOT DEFERRABLE INITIALLY IMMEDIATE NORELY VALIDATE;

-- ----------------------------
-- Primary Key structure for table QRTZ_PAUSED_TRIGGER_GRPS
-- ----------------------------
ALTER TABLE "QRTZ_PAUSED_TRIGGER_GRPS" ADD CONSTRAINT "QRTZ_PAUSED_TRIG_GRPS_PK" PRIMARY KEY ("SCHED_NAME", "TRIGGER_GROUP");

-- ----------------------------
-- Checks structure for table QRTZ_PAUSED_TRIGGER_GRPS
-- ----------------------------
ALTER TABLE "QRTZ_PAUSED_TRIGGER_GRPS" ADD CONSTRAINT "SYS_C0011501" CHECK ("SCHED_NAME" IS NOT NULL) NOT DEFERRABLE INITIALLY IMMEDIATE NORELY VALIDATE;
ALTER TABLE "QRTZ_PAUSED_TRIGGER_GRPS" ADD CONSTRAINT "SYS_C0011502" CHECK ("TRIGGER_GROUP" IS NOT NULL) NOT DEFERRABLE INITIALLY IMMEDIATE NORELY VALIDATE;
ALTER TABLE "QRTZ_PAUSED_TRIGGER_GRPS" ADD CONSTRAINT "SYS_C0011887" CHECK ("SCHED_NAME" IS NOT NULL) NOT DEFERRABLE INITIALLY IMMEDIATE NORELY VALIDATE;
ALTER TABLE "QRTZ_PAUSED_TRIGGER_GRPS" ADD CONSTRAINT "SYS_C0011888" CHECK ("TRIGGER_GROUP" IS NOT NULL) NOT DEFERRABLE INITIALLY IMMEDIATE NORELY VALIDATE;

-- ----------------------------
-- Primary Key structure for table QRTZ_SCHEDULER_STATE
-- ----------------------------
ALTER TABLE "QRTZ_SCHEDULER_STATE" ADD CONSTRAINT "QRTZ_SCHEDULER_STATE_PK" PRIMARY KEY ("SCHED_NAME", "INSTANCE_NAME");

-- ----------------------------
-- Checks structure for table QRTZ_SCHEDULER_STATE
-- ----------------------------
ALTER TABLE "QRTZ_SCHEDULER_STATE" ADD CONSTRAINT "SYS_C0011514" CHECK ("SCHED_NAME" IS NOT NULL) NOT DEFERRABLE INITIALLY IMMEDIATE NORELY VALIDATE;
ALTER TABLE "QRTZ_SCHEDULER_STATE" ADD CONSTRAINT "SYS_C0011515" CHECK ("INSTANCE_NAME" IS NOT NULL) NOT DEFERRABLE INITIALLY IMMEDIATE NORELY VALIDATE;
ALTER TABLE "QRTZ_SCHEDULER_STATE" ADD CONSTRAINT "SYS_C0011516" CHECK ("LAST_CHECKIN_TIME" IS NOT NULL) NOT DEFERRABLE INITIALLY IMMEDIATE NORELY VALIDATE;
ALTER TABLE "QRTZ_SCHEDULER_STATE" ADD CONSTRAINT "SYS_C0011517" CHECK ("CHECKIN_INTERVAL" IS NOT NULL) NOT DEFERRABLE INITIALLY IMMEDIATE NORELY VALIDATE;
ALTER TABLE "QRTZ_SCHEDULER_STATE" ADD CONSTRAINT "SYS_C0011889" CHECK ("SCHED_NAME" IS NOT NULL) NOT DEFERRABLE INITIALLY IMMEDIATE NORELY VALIDATE;
ALTER TABLE "QRTZ_SCHEDULER_STATE" ADD CONSTRAINT "SYS_C0011890" CHECK ("INSTANCE_NAME" IS NOT NULL) NOT DEFERRABLE INITIALLY IMMEDIATE NORELY VALIDATE;
ALTER TABLE "QRTZ_SCHEDULER_STATE" ADD CONSTRAINT "SYS_C0011891" CHECK ("LAST_CHECKIN_TIME" IS NOT NULL) NOT DEFERRABLE INITIALLY IMMEDIATE NORELY VALIDATE;
ALTER TABLE "QRTZ_SCHEDULER_STATE" ADD CONSTRAINT "SYS_C0011892" CHECK ("CHECKIN_INTERVAL" IS NOT NULL) NOT DEFERRABLE INITIALLY IMMEDIATE NORELY VALIDATE;

-- ----------------------------
-- Primary Key structure for table QRTZ_SIMPLE_TRIGGERS
-- ----------------------------
ALTER TABLE "QRTZ_SIMPLE_TRIGGERS" ADD CONSTRAINT "QRTZ_SIMPLE_TRIG_PK" PRIMARY KEY ("SCHED_NAME", "TRIGGER_NAME", "TRIGGER_GROUP");

-- ----------------------------
-- Checks structure for table QRTZ_SIMPLE_TRIGGERS
-- ----------------------------
ALTER TABLE "QRTZ_SIMPLE_TRIGGERS" ADD CONSTRAINT "SYS_C0011478" CHECK ("SCHED_NAME" IS NOT NULL) NOT DEFERRABLE INITIALLY IMMEDIATE NORELY VALIDATE;
ALTER TABLE "QRTZ_SIMPLE_TRIGGERS" ADD CONSTRAINT "SYS_C0011479" CHECK ("TRIGGER_NAME" IS NOT NULL) NOT DEFERRABLE INITIALLY IMMEDIATE NORELY VALIDATE;
ALTER TABLE "QRTZ_SIMPLE_TRIGGERS" ADD CONSTRAINT "SYS_C0011480" CHECK ("TRIGGER_GROUP" IS NOT NULL) NOT DEFERRABLE INITIALLY IMMEDIATE NORELY VALIDATE;
ALTER TABLE "QRTZ_SIMPLE_TRIGGERS" ADD CONSTRAINT "SYS_C0011481" CHECK ("REPEAT_COUNT" IS NOT NULL) NOT DEFERRABLE INITIALLY IMMEDIATE NORELY VALIDATE;
ALTER TABLE "QRTZ_SIMPLE_TRIGGERS" ADD CONSTRAINT "SYS_C0011482" CHECK ("REPEAT_INTERVAL" IS NOT NULL) NOT DEFERRABLE INITIALLY IMMEDIATE NORELY VALIDATE;
ALTER TABLE "QRTZ_SIMPLE_TRIGGERS" ADD CONSTRAINT "SYS_C0011483" CHECK ("TIMES_TRIGGERED" IS NOT NULL) NOT DEFERRABLE INITIALLY IMMEDIATE NORELY VALIDATE;
ALTER TABLE "QRTZ_SIMPLE_TRIGGERS" ADD CONSTRAINT "SYS_C0011893" CHECK ("SCHED_NAME" IS NOT NULL) NOT DEFERRABLE INITIALLY IMMEDIATE NORELY VALIDATE;
ALTER TABLE "QRTZ_SIMPLE_TRIGGERS" ADD CONSTRAINT "SYS_C0011894" CHECK ("TRIGGER_NAME" IS NOT NULL) NOT DEFERRABLE INITIALLY IMMEDIATE NORELY VALIDATE;
ALTER TABLE "QRTZ_SIMPLE_TRIGGERS" ADD CONSTRAINT "SYS_C0011895" CHECK ("TRIGGER_GROUP" IS NOT NULL) NOT DEFERRABLE INITIALLY IMMEDIATE NORELY VALIDATE;
ALTER TABLE "QRTZ_SIMPLE_TRIGGERS" ADD CONSTRAINT "SYS_C0011896" CHECK ("REPEAT_COUNT" IS NOT NULL) NOT DEFERRABLE INITIALLY IMMEDIATE NORELY VALIDATE;
ALTER TABLE "QRTZ_SIMPLE_TRIGGERS" ADD CONSTRAINT "SYS_C0011897" CHECK ("REPEAT_INTERVAL" IS NOT NULL) NOT DEFERRABLE INITIALLY IMMEDIATE NORELY VALIDATE;
ALTER TABLE "QRTZ_SIMPLE_TRIGGERS" ADD CONSTRAINT "SYS_C0011898" CHECK ("TIMES_TRIGGERED" IS NOT NULL) NOT DEFERRABLE INITIALLY IMMEDIATE NORELY VALIDATE;

-- ----------------------------
-- Primary Key structure for table QRTZ_SIMPROP_TRIGGERS
-- ----------------------------
ALTER TABLE "QRTZ_SIMPROP_TRIGGERS" ADD CONSTRAINT "QRTZ_SIMPROP_TRIG_PK" PRIMARY KEY ("SCHED_NAME", "TRIGGER_NAME", "TRIGGER_GROUP");

-- ----------------------------
-- Checks structure for table QRTZ_SIMPROP_TRIGGERS
-- ----------------------------
ALTER TABLE "QRTZ_SIMPROP_TRIGGERS" ADD CONSTRAINT "SYS_C0011522" CHECK ("SCHED_NAME" IS NOT NULL) NOT DEFERRABLE INITIALLY IMMEDIATE NORELY VALIDATE;
ALTER TABLE "QRTZ_SIMPROP_TRIGGERS" ADD CONSTRAINT "SYS_C0011523" CHECK ("TRIGGER_NAME" IS NOT NULL) NOT DEFERRABLE INITIALLY IMMEDIATE NORELY VALIDATE;
ALTER TABLE "QRTZ_SIMPROP_TRIGGERS" ADD CONSTRAINT "SYS_C0011524" CHECK ("TRIGGER_GROUP" IS NOT NULL) NOT DEFERRABLE INITIALLY IMMEDIATE NORELY VALIDATE;
ALTER TABLE "QRTZ_SIMPROP_TRIGGERS" ADD CONSTRAINT "SYS_C0011899" CHECK ("SCHED_NAME" IS NOT NULL) NOT DEFERRABLE INITIALLY IMMEDIATE NORELY VALIDATE;
ALTER TABLE "QRTZ_SIMPROP_TRIGGERS" ADD CONSTRAINT "SYS_C0011900" CHECK ("TRIGGER_NAME" IS NOT NULL) NOT DEFERRABLE INITIALLY IMMEDIATE NORELY VALIDATE;
ALTER TABLE "QRTZ_SIMPROP_TRIGGERS" ADD CONSTRAINT "SYS_C0011901" CHECK ("TRIGGER_GROUP" IS NOT NULL) NOT DEFERRABLE INITIALLY IMMEDIATE NORELY VALIDATE;

-- ----------------------------
-- Primary Key structure for table QRTZ_TRIGGERS
-- ----------------------------
ALTER TABLE "QRTZ_TRIGGERS" ADD CONSTRAINT "QRTZ_TRIGGERS_PK" PRIMARY KEY ("SCHED_NAME", "TRIGGER_NAME", "TRIGGER_GROUP");

-- ----------------------------
-- Checks structure for table QRTZ_TRIGGERS
-- ----------------------------
ALTER TABLE "QRTZ_TRIGGERS" ADD CONSTRAINT "SYS_C0011468" CHECK ("SCHED_NAME" IS NOT NULL) NOT DEFERRABLE INITIALLY IMMEDIATE NORELY VALIDATE;
ALTER TABLE "QRTZ_TRIGGERS" ADD CONSTRAINT "SYS_C0011469" CHECK ("TRIGGER_NAME" IS NOT NULL) NOT DEFERRABLE INITIALLY IMMEDIATE NORELY VALIDATE;
ALTER TABLE "QRTZ_TRIGGERS" ADD CONSTRAINT "SYS_C0011470" CHECK ("TRIGGER_GROUP" IS NOT NULL) NOT DEFERRABLE INITIALLY IMMEDIATE NORELY VALIDATE;
ALTER TABLE "QRTZ_TRIGGERS" ADD CONSTRAINT "SYS_C0011471" CHECK ("JOB_NAME" IS NOT NULL) NOT DEFERRABLE INITIALLY IMMEDIATE NORELY VALIDATE;
ALTER TABLE "QRTZ_TRIGGERS" ADD CONSTRAINT "SYS_C0011472" CHECK ("JOB_GROUP" IS NOT NULL) NOT DEFERRABLE INITIALLY IMMEDIATE NORELY VALIDATE;
ALTER TABLE "QRTZ_TRIGGERS" ADD CONSTRAINT "SYS_C0011473" CHECK ("TRIGGER_STATE" IS NOT NULL) NOT DEFERRABLE INITIALLY IMMEDIATE NORELY VALIDATE;
ALTER TABLE "QRTZ_TRIGGERS" ADD CONSTRAINT "SYS_C0011474" CHECK ("TRIGGER_TYPE" IS NOT NULL) NOT DEFERRABLE INITIALLY IMMEDIATE NORELY VALIDATE;
ALTER TABLE "QRTZ_TRIGGERS" ADD CONSTRAINT "SYS_C0011475" CHECK ("START_TIME" IS NOT NULL) NOT DEFERRABLE INITIALLY IMMEDIATE NORELY VALIDATE;
ALTER TABLE "QRTZ_TRIGGERS" ADD CONSTRAINT "SYS_C0011902" CHECK ("SCHED_NAME" IS NOT NULL) NOT DEFERRABLE INITIALLY IMMEDIATE NORELY VALIDATE;
ALTER TABLE "QRTZ_TRIGGERS" ADD CONSTRAINT "SYS_C0011903" CHECK ("TRIGGER_NAME" IS NOT NULL) NOT DEFERRABLE INITIALLY IMMEDIATE NORELY VALIDATE;
ALTER TABLE "QRTZ_TRIGGERS" ADD CONSTRAINT "SYS_C0011904" CHECK ("TRIGGER_GROUP" IS NOT NULL) NOT DEFERRABLE INITIALLY IMMEDIATE NORELY VALIDATE;
ALTER TABLE "QRTZ_TRIGGERS" ADD CONSTRAINT "SYS_C0011905" CHECK ("JOB_NAME" IS NOT NULL) NOT DEFERRABLE INITIALLY IMMEDIATE NORELY VALIDATE;
ALTER TABLE "QRTZ_TRIGGERS" ADD CONSTRAINT "SYS_C0011906" CHECK ("JOB_GROUP" IS NOT NULL) NOT DEFERRABLE INITIALLY IMMEDIATE NORELY VALIDATE;
ALTER TABLE "QRTZ_TRIGGERS" ADD CONSTRAINT "SYS_C0011907" CHECK ("TRIGGER_STATE" IS NOT NULL) NOT DEFERRABLE INITIALLY IMMEDIATE NORELY VALIDATE;
ALTER TABLE "QRTZ_TRIGGERS" ADD CONSTRAINT "SYS_C0011908" CHECK ("TRIGGER_TYPE" IS NOT NULL) NOT DEFERRABLE INITIALLY IMMEDIATE NORELY VALIDATE;
ALTER TABLE "QRTZ_TRIGGERS" ADD CONSTRAINT "SYS_C0011909" CHECK ("START_TIME" IS NOT NULL) NOT DEFERRABLE INITIALLY IMMEDIATE NORELY VALIDATE;

-- ----------------------------
-- Indexes structure for table QRTZ_TRIGGERS
-- ----------------------------
CREATE INDEX "IDX_QRTZ_T_C"
  ON "QRTZ_TRIGGERS" ("SCHED_NAME" ASC, "CALENDAR_NAME" ASC)
  LOGGING

  VISIBLE
PCTFREE 10
INITRANS 2
STORAGE (
  INITIAL 65536
  NEXT 1048576
  MINEXTENTS 1
  MAXEXTENTS 2147483645
  BUFFER_POOL DEFAULT
);
CREATE INDEX "IDX_QRTZ_T_G"
  ON "QRTZ_TRIGGERS" ("SCHED_NAME" ASC, "TRIGGER_GROUP" ASC)
  LOGGING

  VISIBLE
PCTFREE 10
INITRANS 2
STORAGE (
  INITIAL 65536
  NEXT 1048576
  MINEXTENTS 1
  MAXEXTENTS 2147483645
  BUFFER_POOL DEFAULT
);
CREATE INDEX "IDX_QRTZ_T_J"
  ON "QRTZ_TRIGGERS" ("SCHED_NAME" ASC, "JOB_NAME" ASC, "JOB_GROUP" ASC)
  LOGGING

  VISIBLE
PCTFREE 10
INITRANS 2
STORAGE (
  INITIAL 65536
  NEXT 1048576
  MINEXTENTS 1
  MAXEXTENTS 2147483645
  BUFFER_POOL DEFAULT
);
CREATE INDEX "IDX_QRTZ_T_JG"
  ON "QRTZ_TRIGGERS" ("SCHED_NAME" ASC, "JOB_GROUP" ASC)
  LOGGING

  VISIBLE
PCTFREE 10
INITRANS 2
STORAGE (
  INITIAL 65536
  NEXT 1048576
  MINEXTENTS 1
  MAXEXTENTS 2147483645
  BUFFER_POOL DEFAULT
);
CREATE INDEX "IDX_QRTZ_T_NEXT_FIRE_TIME"
  ON "QRTZ_TRIGGERS" ("SCHED_NAME" ASC, "NEXT_FIRE_TIME" ASC)
  LOGGING

  VISIBLE
PCTFREE 10
INITRANS 2
STORAGE (
  INITIAL 65536
  NEXT 1048576
  MINEXTENTS 1
  MAXEXTENTS 2147483645
  BUFFER_POOL DEFAULT
);
CREATE INDEX "IDX_QRTZ_T_NFT_MISFIRE"
  ON "QRTZ_TRIGGERS" ("SCHED_NAME" ASC, "MISFIRE_INSTR" ASC, "NEXT_FIRE_TIME" ASC)
  LOGGING

  VISIBLE
PCTFREE 10
INITRANS 2
STORAGE (
  INITIAL 65536
  NEXT 1048576
  MINEXTENTS 1
  MAXEXTENTS 2147483645
  BUFFER_POOL DEFAULT
);
CREATE INDEX "IDX_QRTZ_T_NFT_ST"
  ON "QRTZ_TRIGGERS" ("SCHED_NAME" ASC, "TRIGGER_STATE" ASC, "NEXT_FIRE_TIME" ASC)
  LOGGING

  VISIBLE
PCTFREE 10
INITRANS 2
STORAGE (
  INITIAL 65536
  NEXT 1048576
  MINEXTENTS 1
  MAXEXTENTS 2147483645
  BUFFER_POOL DEFAULT
);
CREATE INDEX "IDX_QRTZ_T_NFT_ST_MISFIRE"
  ON "QRTZ_TRIGGERS" ("SCHED_NAME" ASC, "TRIGGER_STATE" ASC, "NEXT_FIRE_TIME" ASC, "MISFIRE_INSTR" ASC)
  LOGGING

  VISIBLE
PCTFREE 10
INITRANS 2
STORAGE (
  INITIAL 65536
  NEXT 1048576
  MINEXTENTS 1
  MAXEXTENTS 2147483645
  BUFFER_POOL DEFAULT
);
CREATE INDEX "IDX_QRTZ_T_NFT_ST_MISFIRE_GRP"
  ON "QRTZ_TRIGGERS" ("SCHED_NAME" ASC, "MISFIRE_INSTR" ASC, "NEXT_FIRE_TIME" ASC, "TRIGGER_GROUP" ASC, "TRIGGER_STATE" ASC)
  LOGGING

  VISIBLE
PCTFREE 10
INITRANS 2
STORAGE (
  INITIAL 65536
  NEXT 1048576
  MINEXTENTS 1
  MAXEXTENTS 2147483645
  BUFFER_POOL DEFAULT
);
CREATE INDEX "IDX_QRTZ_T_N_G_STATE"
  ON "QRTZ_TRIGGERS" ("SCHED_NAME" ASC, "TRIGGER_GROUP" ASC, "TRIGGER_STATE" ASC)
  LOGGING

  VISIBLE
PCTFREE 10
INITRANS 2
STORAGE (
  INITIAL 65536
  NEXT 1048576
  MINEXTENTS 1
  MAXEXTENTS 2147483645
  BUFFER_POOL DEFAULT
);
CREATE INDEX "IDX_QRTZ_T_N_STATE"
  ON "QRTZ_TRIGGERS" ("SCHED_NAME" ASC, "TRIGGER_NAME" ASC, "TRIGGER_STATE" ASC, "TRIGGER_GROUP" ASC)
  LOGGING

  VISIBLE
PCTFREE 10
INITRANS 2
STORAGE (
  INITIAL 65536
  NEXT 1048576
  MINEXTENTS 1
  MAXEXTENTS 2147483645
  BUFFER_POOL DEFAULT
);
CREATE INDEX "IDX_QRTZ_T_STATE"
  ON "QRTZ_TRIGGERS" ("SCHED_NAME" ASC, "TRIGGER_STATE" ASC)
  LOGGING

  VISIBLE
PCTFREE 10
INITRANS 2
STORAGE (
  INITIAL 65536
  NEXT 1048576
  MINEXTENTS 1
  MAXEXTENTS 2147483645
  BUFFER_POOL DEFAULT
);

-- ----------------------------
-- Primary Key structure for table SYS_CONFIG
-- ----------------------------
ALTER TABLE "SYS_CONFIG" ADD CONSTRAINT "PK_SYS_CONFIG" PRIMARY KEY ("CONFIG_ID");

-- ----------------------------
-- Checks structure for table SYS_CONFIG
-- ----------------------------
ALTER TABLE "SYS_CONFIG" ADD CONSTRAINT "SYS_C0011438" CHECK ("CONFIG_ID" IS NOT NULL) NOT DEFERRABLE INITIALLY IMMEDIATE NORELY VALIDATE;
ALTER TABLE "SYS_CONFIG" ADD CONSTRAINT "SYS_C0011910" CHECK ("CONFIG_ID" IS NOT NULL) NOT DEFERRABLE INITIALLY IMMEDIATE NORELY VALIDATE;

-- ----------------------------
-- Primary Key structure for table SYS_DEPT
-- ----------------------------
ALTER TABLE "SYS_DEPT" ADD CONSTRAINT "PK_SYS_DEPT" PRIMARY KEY ("DEPT_ID");

-- ----------------------------
-- Checks structure for table SYS_DEPT
-- ----------------------------
ALTER TABLE "SYS_DEPT" ADD CONSTRAINT "SYS_C0011400" CHECK ("DEPT_ID" IS NOT NULL) NOT DEFERRABLE INITIALLY IMMEDIATE NORELY VALIDATE;
ALTER TABLE "SYS_DEPT" ADD CONSTRAINT "SYS_C0011911" CHECK ("DEPT_ID" IS NOT NULL) NOT DEFERRABLE INITIALLY IMMEDIATE NORELY VALIDATE;

-- ----------------------------
-- Primary Key structure for table SYS_DEPT_POST
-- ----------------------------
ALTER TABLE "SYS_DEPT_POST" ADD CONSTRAINT "SYS_C008999" PRIMARY KEY ("UP_ID");

-- ----------------------------
-- Checks structure for table SYS_DEPT_POST
-- ----------------------------
ALTER TABLE "SYS_DEPT_POST" ADD CONSTRAINT "SYS_C0012090" CHECK ("UP_ID" IS NOT NULL) NOT DEFERRABLE INITIALLY IMMEDIATE NORELY VALIDATE;
ALTER TABLE "SYS_DEPT_POST" ADD CONSTRAINT "SYS_C0012091" CHECK ("POST_ID" IS NOT NULL) NOT DEFERRABLE INITIALLY IMMEDIATE NORELY VALIDATE;
ALTER TABLE "SYS_DEPT_POST" ADD CONSTRAINT "SYS_C0012092" CHECK ("DEPT_ID" IS NOT NULL) NOT DEFERRABLE INITIALLY IMMEDIATE NORELY VALIDATE;
ALTER TABLE "SYS_DEPT_POST" ADD CONSTRAINT "SYS_C008996" CHECK ("UP_ID" IS NOT NULL) NOT DEFERRABLE INITIALLY IMMEDIATE NORELY VALIDATE;
ALTER TABLE "SYS_DEPT_POST" ADD CONSTRAINT "SYS_C008997" CHECK ("POST_ID" IS NOT NULL) NOT DEFERRABLE INITIALLY IMMEDIATE NORELY VALIDATE;
ALTER TABLE "SYS_DEPT_POST" ADD CONSTRAINT "SYS_C008998" CHECK ("DEPT_ID" IS NOT NULL) NOT DEFERRABLE INITIALLY IMMEDIATE NORELY VALIDATE;

-- ----------------------------
-- Primary Key structure for table SYS_DICT_DATA
-- ----------------------------
ALTER TABLE "SYS_DICT_DATA" ADD CONSTRAINT "PK_SYS_DICT_DATA" PRIMARY KEY ("DICT_CODE");

-- ----------------------------
-- Checks structure for table SYS_DICT_DATA
-- ----------------------------
ALTER TABLE "SYS_DICT_DATA" ADD CONSTRAINT "SYS_C0011436" CHECK ("DICT_CODE" IS NOT NULL) NOT DEFERRABLE INITIALLY IMMEDIATE NORELY VALIDATE;
ALTER TABLE "SYS_DICT_DATA" ADD CONSTRAINT "SYS_C0011912" CHECK ("DICT_CODE" IS NOT NULL) NOT DEFERRABLE INITIALLY IMMEDIATE NORELY VALIDATE;

-- ----------------------------
-- Primary Key structure for table SYS_DICT_TYPE
-- ----------------------------
ALTER TABLE "SYS_DICT_TYPE" ADD CONSTRAINT "PK_SYS_DICT_TYPE" PRIMARY KEY ("DICT_ID");

-- ----------------------------
-- Checks structure for table SYS_DICT_TYPE
-- ----------------------------
ALTER TABLE "SYS_DICT_TYPE" ADD CONSTRAINT "SYS_C0011434" CHECK ("DICT_ID" IS NOT NULL) NOT DEFERRABLE INITIALLY IMMEDIATE NORELY VALIDATE;
ALTER TABLE "SYS_DICT_TYPE" ADD CONSTRAINT "SYS_C0011913" CHECK ("DICT_ID" IS NOT NULL) NOT DEFERRABLE INITIALLY IMMEDIATE NORELY VALIDATE;

-- ----------------------------
-- Indexes structure for table SYS_DICT_TYPE
-- ----------------------------
CREATE UNIQUE INDEX "SYS_DICT_TYPE_INDEX1"
  ON "SYS_DICT_TYPE" ("DICT_TYPE" ASC)
  LOGGING

  VISIBLE
PCTFREE 10
INITRANS 2
STORAGE (
  INITIAL 65536
  NEXT 1048576
  MINEXTENTS 1
  MAXEXTENTS 2147483645
  BUFFER_POOL DEFAULT
);

-- ----------------------------
-- Primary Key structure for table SYS_JOB
-- ----------------------------
ALTER TABLE "SYS_JOB" ADD CONSTRAINT "PK_SYS_JOB" PRIMARY KEY ("JOB_ID", "JOB_NAME", "JOB_GROUP");

-- ----------------------------
-- Checks structure for table SYS_JOB
-- ----------------------------
ALTER TABLE "SYS_JOB" ADD CONSTRAINT "SYS_C0011443" CHECK ("JOB_ID" IS NOT NULL) NOT DEFERRABLE INITIALLY IMMEDIATE NORELY VALIDATE;
ALTER TABLE "SYS_JOB" ADD CONSTRAINT "SYS_C0011444" CHECK ("INVOKE_TARGET" IS NOT NULL) NOT DEFERRABLE INITIALLY IMMEDIATE NORELY VALIDATE;
ALTER TABLE "SYS_JOB" ADD CONSTRAINT "SYS_C0011914" CHECK ("JOB_ID" IS NOT NULL) NOT DEFERRABLE INITIALLY IMMEDIATE NORELY VALIDATE;
ALTER TABLE "SYS_JOB" ADD CONSTRAINT "SYS_C0011915" CHECK ("JOB_NAME" IS NOT NULL) NOT DEFERRABLE INITIALLY IMMEDIATE NORELY VALIDATE;
ALTER TABLE "SYS_JOB" ADD CONSTRAINT "SYS_C0011916" CHECK ("JOB_GROUP" IS NOT NULL) NOT DEFERRABLE INITIALLY IMMEDIATE NORELY VALIDATE;
ALTER TABLE "SYS_JOB" ADD CONSTRAINT "SYS_C0011917" CHECK ("INVOKE_TARGET" IS NOT NULL) NOT DEFERRABLE INITIALLY IMMEDIATE NORELY VALIDATE;

-- ----------------------------
-- Primary Key structure for table SYS_JOB_LOG
-- ----------------------------
ALTER TABLE "SYS_JOB_LOG" ADD CONSTRAINT "PK_SYS_JOB_LOG" PRIMARY KEY ("JOB_LOG_ID");

-- ----------------------------
-- Checks structure for table SYS_JOB_LOG
-- ----------------------------
ALTER TABLE "SYS_JOB_LOG" ADD CONSTRAINT "SYS_C0011446" CHECK ("JOB_LOG_ID" IS NOT NULL) NOT DEFERRABLE INITIALLY IMMEDIATE NORELY VALIDATE;
ALTER TABLE "SYS_JOB_LOG" ADD CONSTRAINT "SYS_C0011447" CHECK ("JOB_NAME" IS NOT NULL) NOT DEFERRABLE INITIALLY IMMEDIATE NORELY VALIDATE;
ALTER TABLE "SYS_JOB_LOG" ADD CONSTRAINT "SYS_C0011448" CHECK ("JOB_GROUP" IS NOT NULL) NOT DEFERRABLE INITIALLY IMMEDIATE NORELY VALIDATE;
ALTER TABLE "SYS_JOB_LOG" ADD CONSTRAINT "SYS_C0011449" CHECK ("INVOKE_TARGET" IS NOT NULL) NOT DEFERRABLE INITIALLY IMMEDIATE NORELY VALIDATE;
ALTER TABLE "SYS_JOB_LOG" ADD CONSTRAINT "SYS_C0011918" CHECK ("JOB_LOG_ID" IS NOT NULL) NOT DEFERRABLE INITIALLY IMMEDIATE NORELY VALIDATE;
ALTER TABLE "SYS_JOB_LOG" ADD CONSTRAINT "SYS_C0011919" CHECK ("JOB_NAME" IS NOT NULL) NOT DEFERRABLE INITIALLY IMMEDIATE NORELY VALIDATE;
ALTER TABLE "SYS_JOB_LOG" ADD CONSTRAINT "SYS_C0011920" CHECK ("JOB_GROUP" IS NOT NULL) NOT DEFERRABLE INITIALLY IMMEDIATE NORELY VALIDATE;
ALTER TABLE "SYS_JOB_LOG" ADD CONSTRAINT "SYS_C0011921" CHECK ("INVOKE_TARGET" IS NOT NULL) NOT DEFERRABLE INITIALLY IMMEDIATE NORELY VALIDATE;

-- ----------------------------
-- Primary Key structure for table SYS_LOGININFOR
-- ----------------------------
ALTER TABLE "SYS_LOGININFOR" ADD CONSTRAINT "PK_SYS_LOGININFOR" PRIMARY KEY ("INFO_ID");

-- ----------------------------
-- Checks structure for table SYS_LOGININFOR
-- ----------------------------
ALTER TABLE "SYS_LOGININFOR" ADD CONSTRAINT "SYS_C0011440" CHECK ("INFO_ID" IS NOT NULL) NOT DEFERRABLE INITIALLY IMMEDIATE NORELY VALIDATE;
ALTER TABLE "SYS_LOGININFOR" ADD CONSTRAINT "SYS_C0011922" CHECK ("INFO_ID" IS NOT NULL) NOT DEFERRABLE INITIALLY IMMEDIATE NORELY VALIDATE;

-- ----------------------------
-- Primary Key structure for table SYS_MENU
-- ----------------------------
ALTER TABLE "SYS_MENU" ADD CONSTRAINT "PK_SYS_MENU" PRIMARY KEY ("MENU_ID");

-- ----------------------------
-- Checks structure for table SYS_MENU
-- ----------------------------
ALTER TABLE "SYS_MENU" ADD CONSTRAINT "SYS_C0011417" CHECK ("MENU_ID" IS NOT NULL) NOT DEFERRABLE INITIALLY IMMEDIATE NORELY VALIDATE;
ALTER TABLE "SYS_MENU" ADD CONSTRAINT "SYS_C0011418" CHECK ("MENU_NAME" IS NOT NULL) NOT DEFERRABLE INITIALLY IMMEDIATE NORELY VALIDATE;
ALTER TABLE "SYS_MENU" ADD CONSTRAINT "SYS_C0011923" CHECK ("MENU_ID" IS NOT NULL) NOT DEFERRABLE INITIALLY IMMEDIATE NORELY VALIDATE;
ALTER TABLE "SYS_MENU" ADD CONSTRAINT "SYS_C0011924" CHECK ("MENU_NAME" IS NOT NULL) NOT DEFERRABLE INITIALLY IMMEDIATE NORELY VALIDATE;

-- ----------------------------
-- Primary Key structure for table SYS_NOTICE
-- ----------------------------
ALTER TABLE "SYS_NOTICE" ADD CONSTRAINT "PK_SYS_NOTICE" PRIMARY KEY ("NOTICE_ID");

-- ----------------------------
-- Checks structure for table SYS_NOTICE
-- ----------------------------
ALTER TABLE "SYS_NOTICE" ADD CONSTRAINT "SYS_C0011451" CHECK ("NOTICE_ID" IS NOT NULL) NOT DEFERRABLE INITIALLY IMMEDIATE NORELY VALIDATE;
ALTER TABLE "SYS_NOTICE" ADD CONSTRAINT "SYS_C0011452" CHECK ("NOTICE_TITLE" IS NOT NULL) NOT DEFERRABLE INITIALLY IMMEDIATE NORELY VALIDATE;
ALTER TABLE "SYS_NOTICE" ADD CONSTRAINT "SYS_C0011453" CHECK ("NOTICE_TYPE" IS NOT NULL) NOT DEFERRABLE INITIALLY IMMEDIATE NORELY VALIDATE;
ALTER TABLE "SYS_NOTICE" ADD CONSTRAINT "SYS_C0011925" CHECK ("NOTICE_ID" IS NOT NULL) NOT DEFERRABLE INITIALLY IMMEDIATE NORELY VALIDATE;
ALTER TABLE "SYS_NOTICE" ADD CONSTRAINT "SYS_C0011926" CHECK ("NOTICE_TITLE" IS NOT NULL) NOT DEFERRABLE INITIALLY IMMEDIATE NORELY VALIDATE;
ALTER TABLE "SYS_NOTICE" ADD CONSTRAINT "SYS_C0011927" CHECK ("NOTICE_TYPE" IS NOT NULL) NOT DEFERRABLE INITIALLY IMMEDIATE NORELY VALIDATE;

-- ----------------------------
-- Primary Key structure for table SYS_OPER_LOG
-- ----------------------------
ALTER TABLE "SYS_OPER_LOG" ADD CONSTRAINT "PK_SYS_OPER_LOG" PRIMARY KEY ("OPER_ID");

-- ----------------------------
-- Checks structure for table SYS_OPER_LOG
-- ----------------------------
ALTER TABLE "SYS_OPER_LOG" ADD CONSTRAINT "SYS_C0011432" CHECK ("OPER_ID" IS NOT NULL) NOT DEFERRABLE INITIALLY IMMEDIATE NORELY VALIDATE;
ALTER TABLE "SYS_OPER_LOG" ADD CONSTRAINT "SYS_C0011928" CHECK ("OPER_ID" IS NOT NULL) NOT DEFERRABLE INITIALLY IMMEDIATE NORELY VALIDATE;

-- ----------------------------
-- Primary Key structure for table SYS_POST
-- ----------------------------
ALTER TABLE "SYS_POST" ADD CONSTRAINT "PK_SYS_POST" PRIMARY KEY ("POST_ID");

-- ----------------------------
-- Checks structure for table SYS_POST
-- ----------------------------
ALTER TABLE "SYS_POST" ADD CONSTRAINT "SYS_C0011405" CHECK ("POST_ID" IS NOT NULL) NOT DEFERRABLE INITIALLY IMMEDIATE NORELY VALIDATE;
ALTER TABLE "SYS_POST" ADD CONSTRAINT "SYS_C0011406" CHECK ("POST_CODE" IS NOT NULL) NOT DEFERRABLE INITIALLY IMMEDIATE NORELY VALIDATE;
ALTER TABLE "SYS_POST" ADD CONSTRAINT "SYS_C0011407" CHECK ("POST_NAME" IS NOT NULL) NOT DEFERRABLE INITIALLY IMMEDIATE NORELY VALIDATE;
ALTER TABLE "SYS_POST" ADD CONSTRAINT "SYS_C0011408" CHECK ("POST_SORT" IS NOT NULL) NOT DEFERRABLE INITIALLY IMMEDIATE NORELY VALIDATE;
ALTER TABLE "SYS_POST" ADD CONSTRAINT "SYS_C0011409" CHECK ("STATUS" IS NOT NULL) NOT DEFERRABLE INITIALLY IMMEDIATE NORELY VALIDATE;
ALTER TABLE "SYS_POST" ADD CONSTRAINT "SYS_C0011929" CHECK ("POST_ID" IS NOT NULL) NOT DEFERRABLE INITIALLY IMMEDIATE NORELY VALIDATE;
ALTER TABLE "SYS_POST" ADD CONSTRAINT "SYS_C0011930" CHECK ("POST_CODE" IS NOT NULL) NOT DEFERRABLE INITIALLY IMMEDIATE NORELY VALIDATE;
ALTER TABLE "SYS_POST" ADD CONSTRAINT "SYS_C0011931" CHECK ("POST_NAME" IS NOT NULL) NOT DEFERRABLE INITIALLY IMMEDIATE NORELY VALIDATE;
ALTER TABLE "SYS_POST" ADD CONSTRAINT "SYS_C0011932" CHECK ("POST_SORT" IS NOT NULL) NOT DEFERRABLE INITIALLY IMMEDIATE NORELY VALIDATE;
ALTER TABLE "SYS_POST" ADD CONSTRAINT "SYS_C0011933" CHECK ("STATUS" IS NOT NULL) NOT DEFERRABLE INITIALLY IMMEDIATE NORELY VALIDATE;

-- ----------------------------
-- Primary Key structure for table SYS_ROLE
-- ----------------------------
ALTER TABLE "SYS_ROLE" ADD CONSTRAINT "PK_SYS_ROLE" PRIMARY KEY ("ROLE_ID");

-- ----------------------------
-- Checks structure for table SYS_ROLE
-- ----------------------------
ALTER TABLE "SYS_ROLE" ADD CONSTRAINT "SYS_C0011411" CHECK ("ROLE_ID" IS NOT NULL) NOT DEFERRABLE INITIALLY IMMEDIATE NORELY VALIDATE;
ALTER TABLE "SYS_ROLE" ADD CONSTRAINT "SYS_C0011412" CHECK ("ROLE_NAME" IS NOT NULL) NOT DEFERRABLE INITIALLY IMMEDIATE NORELY VALIDATE;
ALTER TABLE "SYS_ROLE" ADD CONSTRAINT "SYS_C0011413" CHECK ("ROLE_KEY" IS NOT NULL) NOT DEFERRABLE INITIALLY IMMEDIATE NORELY VALIDATE;
ALTER TABLE "SYS_ROLE" ADD CONSTRAINT "SYS_C0011414" CHECK ("ROLE_SORT" IS NOT NULL) NOT DEFERRABLE INITIALLY IMMEDIATE NORELY VALIDATE;
ALTER TABLE "SYS_ROLE" ADD CONSTRAINT "SYS_C0011415" CHECK ("STATUS" IS NOT NULL) NOT DEFERRABLE INITIALLY IMMEDIATE NORELY VALIDATE;
ALTER TABLE "SYS_ROLE" ADD CONSTRAINT "SYS_C0011934" CHECK ("ROLE_ID" IS NOT NULL) NOT DEFERRABLE INITIALLY IMMEDIATE NORELY VALIDATE;
ALTER TABLE "SYS_ROLE" ADD CONSTRAINT "SYS_C0011935" CHECK ("ROLE_NAME" IS NOT NULL) NOT DEFERRABLE INITIALLY IMMEDIATE NORELY VALIDATE;
ALTER TABLE "SYS_ROLE" ADD CONSTRAINT "SYS_C0011936" CHECK ("ROLE_KEY" IS NOT NULL) NOT DEFERRABLE INITIALLY IMMEDIATE NORELY VALIDATE;
ALTER TABLE "SYS_ROLE" ADD CONSTRAINT "SYS_C0011937" CHECK ("ROLE_SORT" IS NOT NULL) NOT DEFERRABLE INITIALLY IMMEDIATE NORELY VALIDATE;
ALTER TABLE "SYS_ROLE" ADD CONSTRAINT "SYS_C0011938" CHECK ("STATUS" IS NOT NULL) NOT DEFERRABLE INITIALLY IMMEDIATE NORELY VALIDATE;

-- ----------------------------
-- Primary Key structure for table SYS_ROLE_DEPT
-- ----------------------------
ALTER TABLE "SYS_ROLE_DEPT" ADD CONSTRAINT "PK_SYS_ROLE_DEPT" PRIMARY KEY ("ROLE_ID", "DEPT_ID");

-- ----------------------------
-- Checks structure for table SYS_ROLE_DEPT
-- ----------------------------
ALTER TABLE "SYS_ROLE_DEPT" ADD CONSTRAINT "SYS_C0011426" CHECK ("ROLE_ID" IS NOT NULL) NOT DEFERRABLE INITIALLY IMMEDIATE NORELY VALIDATE;
ALTER TABLE "SYS_ROLE_DEPT" ADD CONSTRAINT "SYS_C0011427" CHECK ("DEPT_ID" IS NOT NULL) NOT DEFERRABLE INITIALLY IMMEDIATE NORELY VALIDATE;
ALTER TABLE "SYS_ROLE_DEPT" ADD CONSTRAINT "SYS_C0011939" CHECK ("ROLE_ID" IS NOT NULL) NOT DEFERRABLE INITIALLY IMMEDIATE NORELY VALIDATE;
ALTER TABLE "SYS_ROLE_DEPT" ADD CONSTRAINT "SYS_C0011940" CHECK ("DEPT_ID" IS NOT NULL) NOT DEFERRABLE INITIALLY IMMEDIATE NORELY VALIDATE;

-- ----------------------------
-- Primary Key structure for table SYS_ROLE_MENU
-- ----------------------------
ALTER TABLE "SYS_ROLE_MENU" ADD CONSTRAINT "PK_SYS_ROLE_MENU" PRIMARY KEY ("ROLE_ID", "MENU_ID");

-- ----------------------------
-- Checks structure for table SYS_ROLE_MENU
-- ----------------------------
ALTER TABLE "SYS_ROLE_MENU" ADD CONSTRAINT "SYS_C0011423" CHECK ("ROLE_ID" IS NOT NULL) NOT DEFERRABLE INITIALLY IMMEDIATE NORELY VALIDATE;
ALTER TABLE "SYS_ROLE_MENU" ADD CONSTRAINT "SYS_C0011424" CHECK ("MENU_ID" IS NOT NULL) NOT DEFERRABLE INITIALLY IMMEDIATE NORELY VALIDATE;
ALTER TABLE "SYS_ROLE_MENU" ADD CONSTRAINT "SYS_C0011941" CHECK ("ROLE_ID" IS NOT NULL) NOT DEFERRABLE INITIALLY IMMEDIATE NORELY VALIDATE;
ALTER TABLE "SYS_ROLE_MENU" ADD CONSTRAINT "SYS_C0011942" CHECK ("MENU_ID" IS NOT NULL) NOT DEFERRABLE INITIALLY IMMEDIATE NORELY VALIDATE;

-- ----------------------------
-- Primary Key structure for table SYS_ROLE_POST
-- ----------------------------
ALTER TABLE "SYS_ROLE_POST" ADD CONSTRAINT "SYS_C009006" PRIMARY KEY ("ID");

-- ----------------------------
-- Checks structure for table SYS_ROLE_POST
-- ----------------------------
ALTER TABLE "SYS_ROLE_POST" ADD CONSTRAINT "SYS_C0012097" CHECK ("ID" IS NOT NULL) NOT DEFERRABLE INITIALLY IMMEDIATE NORELY VALIDATE;
ALTER TABLE "SYS_ROLE_POST" ADD CONSTRAINT "SYS_C0012098" CHECK ("ROLE_ID" IS NOT NULL) NOT DEFERRABLE INITIALLY IMMEDIATE NORELY VALIDATE;
ALTER TABLE "SYS_ROLE_POST" ADD CONSTRAINT "SYS_C0012099" CHECK ("POST_ID" IS NOT NULL) NOT DEFERRABLE INITIALLY IMMEDIATE NORELY VALIDATE;
ALTER TABLE "SYS_ROLE_POST" ADD CONSTRAINT "SYS_C009003" CHECK ("ID" IS NOT NULL) NOT DEFERRABLE INITIALLY IMMEDIATE NORELY VALIDATE;
ALTER TABLE "SYS_ROLE_POST" ADD CONSTRAINT "SYS_C009004" CHECK ("ROLE_ID" IS NOT NULL) NOT DEFERRABLE INITIALLY IMMEDIATE NORELY VALIDATE;
ALTER TABLE "SYS_ROLE_POST" ADD CONSTRAINT "SYS_C009005" CHECK ("POST_ID" IS NOT NULL) NOT DEFERRABLE INITIALLY IMMEDIATE NORELY VALIDATE;

-- ----------------------------
-- Checks structure for table SYS_SITE
-- ----------------------------
ALTER TABLE "SYS_SITE" ADD CONSTRAINT "SYS_C0011527" CHECK ("SITE_ID" IS NOT NULL) NOT DEFERRABLE INITIALLY IMMEDIATE NORELY VALIDATE;
ALTER TABLE "SYS_SITE" ADD CONSTRAINT "SYS_C0011528" CHECK ("SITE_NAME" IS NOT NULL) NOT DEFERRABLE INITIALLY IMMEDIATE NORELY VALIDATE;
ALTER TABLE "SYS_SITE" ADD CONSTRAINT "SYS_C0011529" CHECK ("SITE_URL" IS NOT NULL) NOT DEFERRABLE INITIALLY IMMEDIATE NORELY VALIDATE;
ALTER TABLE "SYS_SITE" ADD CONSTRAINT "SYS_C0011530" CHECK ("SITE_IMG" IS NOT NULL) NOT DEFERRABLE INITIALLY IMMEDIATE NORELY VALIDATE;
ALTER TABLE "SYS_SITE" ADD CONSTRAINT "SYS_C0011531" CHECK ("SITE_SORT" IS NOT NULL) NOT DEFERRABLE INITIALLY IMMEDIATE NORELY VALIDATE;
ALTER TABLE "SYS_SITE" ADD CONSTRAINT "SYS_C0011532" CHECK ("STATUS" IS NOT NULL) NOT DEFERRABLE INITIALLY IMMEDIATE NORELY VALIDATE;
ALTER TABLE "SYS_SITE" ADD CONSTRAINT "SYS_C0011533" CHECK ("SITE_TYPE" IS NOT NULL) NOT DEFERRABLE INITIALLY IMMEDIATE NORELY VALIDATE;
ALTER TABLE "SYS_SITE" ADD CONSTRAINT "SYS_C0011943" CHECK ("SITE_ID" IS NOT NULL) NOT DEFERRABLE INITIALLY IMMEDIATE NORELY VALIDATE;
ALTER TABLE "SYS_SITE" ADD CONSTRAINT "SYS_C0011944" CHECK ("SITE_NAME" IS NOT NULL) NOT DEFERRABLE INITIALLY IMMEDIATE NORELY VALIDATE;
ALTER TABLE "SYS_SITE" ADD CONSTRAINT "SYS_C0011945" CHECK ("SITE_URL" IS NOT NULL) NOT DEFERRABLE INITIALLY IMMEDIATE NORELY VALIDATE;
ALTER TABLE "SYS_SITE" ADD CONSTRAINT "SYS_C0011946" CHECK ("SITE_IMG" IS NOT NULL) NOT DEFERRABLE INITIALLY IMMEDIATE NORELY VALIDATE;
ALTER TABLE "SYS_SITE" ADD CONSTRAINT "SYS_C0011947" CHECK ("SITE_SORT" IS NOT NULL) NOT DEFERRABLE INITIALLY IMMEDIATE NORELY VALIDATE;
ALTER TABLE "SYS_SITE" ADD CONSTRAINT "SYS_C0011948" CHECK ("STATUS" IS NOT NULL) NOT DEFERRABLE INITIALLY IMMEDIATE NORELY VALIDATE;
ALTER TABLE "SYS_SITE" ADD CONSTRAINT "SYS_C0011949" CHECK ("SITE_TYPE" IS NOT NULL) NOT DEFERRABLE INITIALLY IMMEDIATE NORELY VALIDATE;

-- ----------------------------
-- Primary Key structure for table SYS_USER
-- ----------------------------
ALTER TABLE "SYS_USER" ADD CONSTRAINT "PK_SYS_USER" PRIMARY KEY ("USER_ID");

-- ----------------------------
-- Checks structure for table SYS_USER
-- ----------------------------
ALTER TABLE "SYS_USER" ADD CONSTRAINT "SYS_C0011402" CHECK ("USER_ID" IS NOT NULL) NOT DEFERRABLE INITIALLY IMMEDIATE NORELY VALIDATE;
ALTER TABLE "SYS_USER" ADD CONSTRAINT "SYS_C0011403" CHECK ("LOGIN_NAME" IS NOT NULL) NOT DEFERRABLE INITIALLY IMMEDIATE NORELY VALIDATE;
ALTER TABLE "SYS_USER" ADD CONSTRAINT "SYS_C0011950" CHECK ("USER_ID" IS NOT NULL) NOT DEFERRABLE INITIALLY IMMEDIATE NORELY VALIDATE;
ALTER TABLE "SYS_USER" ADD CONSTRAINT "SYS_C0011951" CHECK ("LOGIN_NAME" IS NOT NULL) NOT DEFERRABLE INITIALLY IMMEDIATE NORELY VALIDATE;

-- ----------------------------
-- Primary Key structure for table SYS_USER_ONLINE
-- ----------------------------
ALTER TABLE "SYS_USER_ONLINE" ADD CONSTRAINT "PK_SYS_USER_ONLINE" PRIMARY KEY ("SESSIONID");

-- ----------------------------
-- Checks structure for table SYS_USER_ONLINE
-- ----------------------------
ALTER TABLE "SYS_USER_ONLINE" ADD CONSTRAINT "SYS_C0011952" CHECK ("SESSIONID" IS NOT NULL) NOT DEFERRABLE INITIALLY IMMEDIATE NORELY VALIDATE;

-- ----------------------------
-- Primary Key structure for table SYS_USER_POST
-- ----------------------------
ALTER TABLE "SYS_USER_POST" ADD CONSTRAINT "PK_SYS_USER_POST" PRIMARY KEY ("USER_ID", "POST_ID");

-- ----------------------------
-- Checks structure for table SYS_USER_POST
-- ----------------------------
ALTER TABLE "SYS_USER_POST" ADD CONSTRAINT "SYS_C0011429" CHECK ("USER_ID" IS NOT NULL) NOT DEFERRABLE INITIALLY IMMEDIATE NORELY VALIDATE;
ALTER TABLE "SYS_USER_POST" ADD CONSTRAINT "SYS_C0011430" CHECK ("POST_ID" IS NOT NULL) NOT DEFERRABLE INITIALLY IMMEDIATE NORELY VALIDATE;
ALTER TABLE "SYS_USER_POST" ADD CONSTRAINT "SYS_C0011953" CHECK ("USER_ID" IS NOT NULL) NOT DEFERRABLE INITIALLY IMMEDIATE NORELY VALIDATE;
ALTER TABLE "SYS_USER_POST" ADD CONSTRAINT "SYS_C0011954" CHECK ("POST_ID" IS NOT NULL) NOT DEFERRABLE INITIALLY IMMEDIATE NORELY VALIDATE;

-- ----------------------------
-- Primary Key structure for table SYS_USER_ROLE
-- ----------------------------
ALTER TABLE "SYS_USER_ROLE" ADD CONSTRAINT "PK_SYS_USER_ROLE" PRIMARY KEY ("USER_ID", "ROLE_ID");

-- ----------------------------
-- Checks structure for table SYS_USER_ROLE
-- ----------------------------
ALTER TABLE "SYS_USER_ROLE" ADD CONSTRAINT "SYS_C0011420" CHECK ("USER_ID" IS NOT NULL) NOT DEFERRABLE INITIALLY IMMEDIATE NORELY VALIDATE;
ALTER TABLE "SYS_USER_ROLE" ADD CONSTRAINT "SYS_C0011421" CHECK ("ROLE_ID" IS NOT NULL) NOT DEFERRABLE INITIALLY IMMEDIATE NORELY VALIDATE;
ALTER TABLE "SYS_USER_ROLE" ADD CONSTRAINT "SYS_C0011955" CHECK ("USER_ID" IS NOT NULL) NOT DEFERRABLE INITIALLY IMMEDIATE NORELY VALIDATE;
ALTER TABLE "SYS_USER_ROLE" ADD CONSTRAINT "SYS_C0011956" CHECK ("ROLE_ID" IS NOT NULL) NOT DEFERRABLE INITIALLY IMMEDIATE NORELY VALIDATE;

-- ----------------------------
-- Primary Key structure for table SYS_USER_UP
-- ----------------------------
ALTER TABLE "SYS_USER_UP" ADD CONSTRAINT "SYS_C009002" PRIMARY KEY ("ID");

-- ----------------------------
-- Checks structure for table SYS_USER_UP
-- ----------------------------
ALTER TABLE "SYS_USER_UP" ADD CONSTRAINT "SYS_C0012104" CHECK ("ID" IS NOT NULL) NOT DEFERRABLE INITIALLY IMMEDIATE NORELY VALIDATE;
ALTER TABLE "SYS_USER_UP" ADD CONSTRAINT "SYS_C0012105" CHECK ("USER_ID" IS NOT NULL) NOT DEFERRABLE INITIALLY IMMEDIATE NORELY VALIDATE;
ALTER TABLE "SYS_USER_UP" ADD CONSTRAINT "SYS_C0012106" CHECK ("UP_ID" IS NOT NULL) NOT DEFERRABLE INITIALLY IMMEDIATE NORELY VALIDATE;
ALTER TABLE "SYS_USER_UP" ADD CONSTRAINT "SYS_C009000" CHECK ("USER_ID" IS NOT NULL) NOT DEFERRABLE INITIALLY IMMEDIATE NORELY VALIDATE;
ALTER TABLE "SYS_USER_UP" ADD CONSTRAINT "SYS_C009001" CHECK ("UP_ID" IS NOT NULL) NOT DEFERRABLE INITIALLY IMMEDIATE NORELY VALIDATE;

-- ----------------------------
-- Foreign Keys structure for table QRTZ_BLOB_TRIGGERS
-- ----------------------------
ALTER TABLE "QRTZ_BLOB_TRIGGERS" ADD CONSTRAINT "QRTZ_BLOB_TRIG_TO_TRIG_FK" FOREIGN KEY ("SCHED_NAME", "TRIGGER_NAME", "TRIGGER_GROUP") REFERENCES "QRTZ_TRIGGERS" ("SCHED_NAME", "TRIGGER_NAME", "TRIGGER_GROUP") NOT DEFERRABLE INITIALLY IMMEDIATE NORELY VALIDATE;

-- ----------------------------
-- Foreign Keys structure for table QRTZ_CRON_TRIGGERS
-- ----------------------------
ALTER TABLE "QRTZ_CRON_TRIGGERS" ADD CONSTRAINT "QRTZ_CRON_TRIG_TO_TRIG_FK" FOREIGN KEY ("SCHED_NAME", "TRIGGER_NAME", "TRIGGER_GROUP") REFERENCES "QRTZ_TRIGGERS" ("SCHED_NAME", "TRIGGER_NAME", "TRIGGER_GROUP") NOT DEFERRABLE INITIALLY IMMEDIATE NORELY VALIDATE;

-- ----------------------------
-- Foreign Keys structure for table QRTZ_SIMPLE_TRIGGERS
-- ----------------------------
ALTER TABLE "QRTZ_SIMPLE_TRIGGERS" ADD CONSTRAINT "QRTZ_SIMPLE_TRIG_TO_TRIG_FK" FOREIGN KEY ("SCHED_NAME", "TRIGGER_NAME", "TRIGGER_GROUP") REFERENCES "QRTZ_TRIGGERS" ("SCHED_NAME", "TRIGGER_NAME", "TRIGGER_GROUP") NOT DEFERRABLE INITIALLY IMMEDIATE NORELY VALIDATE;

-- ----------------------------
-- Foreign Keys structure for table QRTZ_SIMPROP_TRIGGERS
-- ----------------------------
ALTER TABLE "QRTZ_SIMPROP_TRIGGERS" ADD CONSTRAINT "QRTZ_SIMPROP_TRIG_TO_TRIG_FK" FOREIGN KEY ("SCHED_NAME", "TRIGGER_NAME", "TRIGGER_GROUP") REFERENCES "QRTZ_TRIGGERS" ("SCHED_NAME", "TRIGGER_NAME", "TRIGGER_GROUP") NOT DEFERRABLE INITIALLY IMMEDIATE NORELY VALIDATE;
